recipe_name,instructions,source,ingredient_name,quantity,unit
Conopidă pane (la cuptor),"Taiem conopida bucatele ('copacei'). O punem la fiert. Dupa amestecam faina cu condimentele si apa. Trecem conopida prin ea, iar dupa aceea prin pesmet. Punem in cuptor/la air fryer la 180C timp de 10 min. Stropim si cu ulei (spray) - optional.",Caiet personal,conopida,600,g
Conopidă pane (la cuptor),"Taiem conopida bucatele ('copacei'). O punem la fiert. Dupa amestecam faina cu condimentele si apa. Trecem conopida prin ea, iar dupa aceea prin pesmet. Punem in cuptor/la air fryer la 180C timp de 10 min. Stropim si cu ulei (spray) - optional.",Caiet personal,faina,30,g
Conopidă pane (la cuptor),"Taiem conopida bucatele ('copacei'). O punem la fiert. Dupa amestecam faina cu condimentele si apa. Trecem conopida prin ea, iar dupa aceea prin pesmet. Punem in cuptor/la air fryer la 180C timp de 10 min. Stropim si cu ulei (spray) - optional.",Caiet personal,sare,2,g
Conopidă pane (la cuptor),"Taiem conopida bucatele ('copacei'). O punem la fiert. Dupa amestecam faina cu condimentele si apa. Trecem conopida prin ea, iar dupa aceea prin pesmet. Punem in cuptor/la air fryer la 180C timp de 10 min. Stropim si cu ulei (spray) - optional.",Caiet personal,boia,2,g
Conopidă pane (la cuptor),"Taiem conopida bucatele ('copacei'). O punem la fiert. Dupa amestecam faina cu condimentele si apa. Trecem conopida prin ea, iar dupa aceea prin pesmet. Punem in cuptor/la air fryer la 180C timp de 10 min. Stropim si cu ulei (spray) - optional.",Caiet personal,piper,1,g
Conopidă pane (la cuptor),"Taiem conopida bucatele ('copacei'). O punem la fiert. Dupa amestecam faina cu condimentele si apa. Trecem conopida prin ea, iar dupa aceea prin pesmet. Punem in cuptor/la air fryer la 180C timp de 10 min. Stropim si cu ulei (spray) - optional.",Caiet personal,ceapa praf,2,g
Conopidă pane (la cuptor),"Taiem conopida bucatele ('copacei'). O punem la fiert. Dupa amestecam faina cu condimentele si apa. Trecem conopida prin ea, iar dupa aceea prin pesmet. Punem in cuptor/la air fryer la 180C timp de 10 min. Stropim si cu ulei (spray) - optional.",Caiet personal,usturoi praf,2,g
Conopidă pane (la cuptor),"Taiem conopida bucatele ('copacei'). O punem la fiert. Dupa amestecam faina cu condimentele si apa. Trecem conopida prin ea, iar dupa aceea prin pesmet. Punem in cuptor/la air fryer la 180C timp de 10 min. Stropim si cu ulei (spray) - optional.",Caiet personal,pesmet,100,g
Conopidă pane (la cuptor),"Taiem conopida bucatele ('copacei'). O punem la fiert. Dupa amestecam faina cu condimentele si apa. Trecem conopida prin ea, iar dupa aceea prin pesmet. Punem in cuptor/la air fryer la 180C timp de 10 min. Stropim si cu ulei (spray) - optional.",Caiet personal,apa,50,ml
Omleta taraneasca,"Punem ardeiul, ceapa si sunca in tigaie cu putin ulei de masline. Spargem ouale si le batem. Amestecam ouale cu branzeturile si condimentele. Dupa ce se rumenesc legumele, adaugam ouale in tigaie si amestecam constant pana e gata.",Caiet personal,oua,100,g
Omleta taraneasca,"Punem ardeiul, ceapa si sunca in tigaie cu putin ulei de masline. Spargem ouale si le batem. Amestecam ouale cu branzeturile si condimentele. Dupa ce se rumenesc legumele, adaugam ouale in tigaie si amestecam constant pana e gata.",Caiet personal,sunca,40,g
Omleta taraneasca,"Punem ardeiul, ceapa si sunca in tigaie cu putin ulei de masline. Spargem ouale si le batem. Amestecam ouale cu branzeturile si condimentele. Dupa ce se rumenesc legumele, adaugam ouale in tigaie si amestecam constant pana e gata.",Caiet personal,branza,25,g
Omleta taraneasca,"Punem ardeiul, ceapa si sunca in tigaie cu putin ulei de masline. Spargem ouale si le batem. Amestecam ouale cu branzeturile si condimentele. Dupa ce se rumenesc legumele, adaugam ouale in tigaie si amestecam constant pana e gata.",Caiet personal,cascaval,25,g
Omleta taraneasca,"Punem ardeiul, ceapa si sunca in tigaie cu putin ulei de masline. Spargem ouale si le batem. Amestecam ouale cu branzeturile si condimentele. Dupa ce se rumenesc legumele, adaugam ouale in tigaie si amestecam constant pana e gata.",Caiet personal,sare,1,g
Omleta taraneasca,"Punem ardeiul, ceapa si sunca in tigaie cu putin ulei de masline. Spargem ouale si le batem. Amestecam ouale cu branzeturile si condimentele. Dupa ce se rumenesc legumele, adaugam ouale in tigaie si amestecam constant pana e gata.",Caiet personal,piper,1,g
Omleta taraneasca,"Punem ardeiul, ceapa si sunca in tigaie cu putin ulei de masline. Spargem ouale si le batem. Amestecam ouale cu branzeturile si condimentele. Dupa ce se rumenesc legumele, adaugam ouale in tigaie si amestecam constant pana e gata.",Caiet personal,boia,1,g
Omleta taraneasca,"Punem ardeiul, ceapa si sunca in tigaie cu putin ulei de masline. Spargem ouale si le batem. Amestecam ouale cu branzeturile si condimentele. Dupa ce se rumenesc legumele, adaugam ouale in tigaie si amestecam constant pana e gata.",Caiet personal,usturoi,3,g
Omleta taraneasca,"Punem ardeiul, ceapa si sunca in tigaie cu putin ulei de masline. Spargem ouale si le batem. Amestecam ouale cu branzeturile si condimentele. Dupa ce se rumenesc legumele, adaugam ouale in tigaie si amestecam constant pana e gata.",Caiet personal,ceapa,25,g
Omleta taraneasca,"Punem ardeiul, ceapa si sunca in tigaie cu putin ulei de masline. Spargem ouale si le batem. Amestecam ouale cu branzeturile si condimentele. Dupa ce se rumenesc legumele, adaugam ouale in tigaie si amestecam constant pana e gata.",Caiet personal,oregano,1,g
Omleta taraneasca,"Punem ardeiul, ceapa si sunca in tigaie cu putin ulei de masline. Spargem ouale si le batem. Amestecam ouale cu branzeturile si condimentele. Dupa ce se rumenesc legumele, adaugam ouale in tigaie si amestecam constant pana e gata.",Caiet personal,ardei gras,60,g
Paste carbonara,"Punem pastele la fiert in apa clocotita cu sare, ~10 min. Punem guanciale in tigaie si il lasam pana se rumeneste. Amestecam parmezanul cu putina grasime de la guanciale si galbenus. Adaugam pastele in tigaia cu guanciale si amestecam bine cu sosul de galbenus si parmezan.",Caiet personal,paste,90,g
Paste carbonara,"Punem pastele la fiert in apa clocotita cu sare, ~10 min. Punem guanciale in tigaie si il lasam pana se rumeneste. Amestecam parmezanul cu putina grasime de la guanciale si galbenus. Adaugam pastele in tigaia cu guanciale si amestecam bine cu sosul de galbenus si parmezan.",Caiet personal,guanciale,40,g
Paste carbonara,"Punem pastele la fiert in apa clocotita cu sare, ~10 min. Punem guanciale in tigaie si il lasam pana se rumeneste. Amestecam parmezanul cu putina grasime de la guanciale si galbenus. Adaugam pastele in tigaia cu guanciale si amestecam bine cu sosul de galbenus si parmezan.",Caiet personal,galbenus de ou,30,g
Paste carbonara,"Punem pastele la fiert in apa clocotita cu sare, ~10 min. Punem guanciale in tigaie si il lasam pana se rumeneste. Amestecam parmezanul cu putina grasime de la guanciale si galbenus. Adaugam pastele in tigaia cu guanciale si amestecam bine cu sosul de galbenus si parmezan.",Caiet personal,parmezan,40,g
Paste carbonara,"Punem pastele la fiert in apa clocotita cu sare, ~10 min. Punem guanciale in tigaie si il lasam pana se rumeneste. Amestecam parmezanul cu putina grasime de la guanciale si galbenus. Adaugam pastele in tigaia cu guanciale si amestecam bine cu sosul de galbenus si parmezan.",Caiet personal,sare,2,g
Paste carbonara,"Punem pastele la fiert in apa clocotita cu sare, ~10 min. Punem guanciale in tigaie si il lasam pana se rumeneste. Amestecam parmezanul cu putina grasime de la guanciale si galbenus. Adaugam pastele in tigaia cu guanciale si amestecam bine cu sosul de galbenus si parmezan.",Caiet personal,piper,2,g
Supa de rosii,"Taiem capatana de usturoi la capat si desfacem cateii. Taiem legumele in bucati mari. Le punem la cuptorul preincalzit la 200C pana se rumenesc. Dupa aceea le punem intr-un blender cu condimentele. La final, cand supa e in bol, turnam deasupra smantana de gatit.",Caiet personal,ardei,130,g
Supa de rosii,"Taiem capatana de usturoi la capat si desfacem cateii. Taiem legumele in bucati mari. Le punem la cuptorul preincalzit la 200C pana se rumenesc. Dupa aceea le punem intr-un blender cu condimentele. La final, cand supa e in bol, turnam deasupra smantana de gatit.",Caiet personal,rosii,550,g
Supa de rosii,"Taiem capatana de usturoi la capat si desfacem cateii. Taiem legumele in bucati mari. Le punem la cuptorul preincalzit la 200C pana se rumenesc. Dupa aceea le punem intr-un blender cu condimentele. La final, cand supa e in bol, turnam deasupra smantana de gatit.",Caiet personal,ceapa,100,g
Supa de rosii,"Taiem capatana de usturoi la capat si desfacem cateii. Taiem legumele in bucati mari. Le punem la cuptorul preincalzit la 200C pana se rumenesc. Dupa aceea le punem intr-un blender cu condimentele. La final, cand supa e in bol, turnam deasupra smantana de gatit.",Caiet personal,usturoi,20,g
Supa de rosii,"Taiem capatana de usturoi la capat si desfacem cateii. Taiem legumele in bucati mari. Le punem la cuptorul preincalzit la 200C pana se rumenesc. Dupa aceea le punem intr-un blender cu condimentele. La final, cand supa e in bol, turnam deasupra smantana de gatit.",Caiet personal,sare,2,g
Supa de rosii,"Taiem capatana de usturoi la capat si desfacem cateii. Taiem legumele in bucati mari. Le punem la cuptorul preincalzit la 200C pana se rumenesc. Dupa aceea le punem intr-un blender cu condimentele. La final, cand supa e in bol, turnam deasupra smantana de gatit.",Caiet personal,piper,1,g
Supa de rosii,"Taiem capatana de usturoi la capat si desfacem cateii. Taiem legumele in bucati mari. Le punem la cuptorul preincalzit la 200C pana se rumenesc. Dupa aceea le punem intr-un blender cu condimentele. La final, cand supa e in bol, turnam deasupra smantana de gatit.",Caiet personal,ulei de masline,15,ml
Supa de rosii,"Taiem capatana de usturoi la capat si desfacem cateii. Taiem legumele in bucati mari. Le punem la cuptorul preincalzit la 200C pana se rumenesc. Dupa aceea le punem intr-un blender cu condimentele. La final, cand supa e in bol, turnam deasupra smantana de gatit.",Caiet personal,smantana de gatit,50,ml
Salata de vinete (sanatoasa),"Taiem ceapa bucatele mici si o amestecam cu vinetele coapte. In blender punem branza, oul si mustarul pentru a face 'maioneza'. Amestecam 'maioneza' cu vinetele, sarea si putin piper.",Caiet personal,vinete,200,g
Salata de vinete (sanatoasa),"Taiem ceapa bucatele mici si o amestecam cu vinetele coapte. In blender punem branza, oul si mustarul pentru a face 'maioneza'. Amestecam 'maioneza' cu vinetele, sarea si putin piper.",Caiet personal,ceapa,100,g
Salata de vinete (sanatoasa),"Taiem ceapa bucatele mici si o amestecam cu vinetele coapte. In blender punem branza, oul si mustarul pentru a face 'maioneza'. Amestecam 'maioneza' cu vinetele, sarea si putin piper.",Caiet personal,sare,2,g
Salata de vinete (sanatoasa),"Taiem ceapa bucatele mici si o amestecam cu vinetele coapte. In blender punem branza, oul si mustarul pentru a face 'maioneza'. Amestecam 'maioneza' cu vinetele, sarea si putin piper.",Caiet personal,piper,1,g
Salata de vinete (sanatoasa),"Taiem ceapa bucatele mici si o amestecam cu vinetele coapte. In blender punem branza, oul si mustarul pentru a face 'maioneza'. Amestecam 'maioneza' cu vinetele, sarea si putin piper.",Caiet personal,cottage cheese,100,g
Salata de vinete (sanatoasa),"Taiem ceapa bucatele mici si o amestecam cu vinetele coapte. In blender punem branza, oul si mustarul pentru a face 'maioneza'. Amestecam 'maioneza' cu vinetele, sarea si putin piper.",Caiet personal,ou fiert,50,g
Salata de vinete (sanatoasa),"Taiem ceapa bucatele mici si o amestecam cu vinetele coapte. In blender punem branza, oul si mustarul pentru a face 'maioneza'. Amestecam 'maioneza' cu vinetele, sarea si putin piper.",Caiet personal,mustar,5,g
Gyros cu pui,"Radem branza, usturoiul si castravetele. Le amestecam cu iaurtul pentru sos. Intindem sosul pe lipie, punem ceapa taiata fasii, apoi cartofii, puiul, din nou sos si rosia taiata fasii. (Puiul si cartofii se gatesc dupa retetele 'Piept de pui la cuptor' si 'Cartofi la cuptor'.)",Caiet personal,piept de pui,100,g
Gyros cu pui,"Radem branza, usturoiul si castravetele. Le amestecam cu iaurtul pentru sos. Intindem sosul pe lipie, punem ceapa taiata fasii, apoi cartofii, puiul, din nou sos si rosia taiata fasii. (Puiul si cartofii se gatesc dupa retetele 'Piept de pui la cuptor' si 'Cartofi la cuptor'.)",Caiet personal,cartof,150,g
Gyros cu pui,"Radem branza, usturoiul si castravetele. Le amestecam cu iaurtul pentru sos. Intindem sosul pe lipie, punem ceapa taiata fasii, apoi cartofii, puiul, din nou sos si rosia taiata fasii. (Puiul si cartofii se gatesc dupa retetele 'Piept de pui la cuptor' si 'Cartofi la cuptor'.)",Caiet personal,lipie,60,g
Gyros cu pui,"Radem branza, usturoiul si castravetele. Le amestecam cu iaurtul pentru sos. Intindem sosul pe lipie, punem ceapa taiata fasii, apoi cartofii, puiul, din nou sos si rosia taiata fasii. (Puiul si cartofii se gatesc dupa retetele 'Piept de pui la cuptor' si 'Cartofi la cuptor'.)",Caiet personal,ceapa,50,g
Gyros cu pui,"Radem branza, usturoiul si castravetele. Le amestecam cu iaurtul pentru sos. Intindem sosul pe lipie, punem ceapa taiata fasii, apoi cartofii, puiul, din nou sos si rosia taiata fasii. (Puiul si cartofii se gatesc dupa retetele 'Piept de pui la cuptor' si 'Cartofi la cuptor'.)",Caiet personal,iaurt grecesc,30,g
Gyros cu pui,"Radem branza, usturoiul si castravetele. Le amestecam cu iaurtul pentru sos. Intindem sosul pe lipie, punem ceapa taiata fasii, apoi cartofii, puiul, din nou sos si rosia taiata fasii. (Puiul si cartofii se gatesc dupa retetele 'Piept de pui la cuptor' si 'Cartofi la cuptor'.)",Caiet personal,castravete,50,g
Gyros cu pui,"Radem branza, usturoiul si castravetele. Le amestecam cu iaurtul pentru sos. Intindem sosul pe lipie, punem ceapa taiata fasii, apoi cartofii, puiul, din nou sos si rosia taiata fasii. (Puiul si cartofii se gatesc dupa retetele 'Piept de pui la cuptor' si 'Cartofi la cuptor'.)",Caiet personal,usturoi,5,g
Gyros cu pui,"Radem branza, usturoiul si castravetele. Le amestecam cu iaurtul pentru sos. Intindem sosul pe lipie, punem ceapa taiata fasii, apoi cartofii, puiul, din nou sos si rosia taiata fasii. (Puiul si cartofii se gatesc dupa retetele 'Piept de pui la cuptor' si 'Cartofi la cuptor'.)",Caiet personal,sare,2,g
Gyros cu pui,"Radem branza, usturoiul si castravetele. Le amestecam cu iaurtul pentru sos. Intindem sosul pe lipie, punem ceapa taiata fasii, apoi cartofii, puiul, din nou sos si rosia taiata fasii. (Puiul si cartofii se gatesc dupa retetele 'Piept de pui la cuptor' si 'Cartofi la cuptor'.)",Caiet personal,branza,50,g
Gyros cu pui,"Radem branza, usturoiul si castravetele. Le amestecam cu iaurtul pentru sos. Intindem sosul pe lipie, punem ceapa taiata fasii, apoi cartofii, puiul, din nou sos si rosia taiata fasii. (Puiul si cartofii se gatesc dupa retetele 'Piept de pui la cuptor' si 'Cartofi la cuptor'.)",Caiet personal,rosie,100,g
Pui cu BBQ,"Taiem puiul bucatele. Spargem ouale si le batem. Zdrobim fulgii de porumb. Trecem puiul prin ou, apoi prin fulgi. Punem puiul la cuptorul preincalzit la 180C, 20 min. Cand e aproape gata, amestecam BBQ, miere si condimente pentru sos. Punem sosul peste pui cand e gata; sosul e gata cand se incorporeaza mierea cu BBQ-ul.",Caiet personal,piept de pui,150,g
Pui cu BBQ,"Taiem puiul bucatele. Spargem ouale si le batem. Zdrobim fulgii de porumb. Trecem puiul prin ou, apoi prin fulgi. Punem puiul la cuptorul preincalzit la 180C, 20 min. Cand e aproape gata, amestecam BBQ, miere si condimente pentru sos. Punem sosul peste pui cand e gata; sosul e gata cand se incorporeaza mierea cu BBQ-ul.",Caiet personal,sare,2,g
Pui cu BBQ,"Taiem puiul bucatele. Spargem ouale si le batem. Zdrobim fulgii de porumb. Trecem puiul prin ou, apoi prin fulgi. Punem puiul la cuptorul preincalzit la 180C, 20 min. Cand e aproape gata, amestecam BBQ, miere si condimente pentru sos. Punem sosul peste pui cand e gata; sosul e gata cand se incorporeaza mierea cu BBQ-ul.",Caiet personal,piper,1,g
Pui cu BBQ,"Taiem puiul bucatele. Spargem ouale si le batem. Zdrobim fulgii de porumb. Trecem puiul prin ou, apoi prin fulgi. Punem puiul la cuptorul preincalzit la 180C, 20 min. Cand e aproape gata, amestecam BBQ, miere si condimente pentru sos. Punem sosul peste pui cand e gata; sosul e gata cand se incorporeaza mierea cu BBQ-ul.",Caiet personal,boia,2,g
Pui cu BBQ,"Taiem puiul bucatele. Spargem ouale si le batem. Zdrobim fulgii de porumb. Trecem puiul prin ou, apoi prin fulgi. Punem puiul la cuptorul preincalzit la 180C, 20 min. Cand e aproape gata, amestecam BBQ, miere si condimente pentru sos. Punem sosul peste pui cand e gata; sosul e gata cand se incorporeaza mierea cu BBQ-ul.",Caiet personal,usturoi,5,g
Pui cu BBQ,"Taiem puiul bucatele. Spargem ouale si le batem. Zdrobim fulgii de porumb. Trecem puiul prin ou, apoi prin fulgi. Punem puiul la cuptorul preincalzit la 180C, 20 min. Cand e aproape gata, amestecam BBQ, miere si condimente pentru sos. Punem sosul peste pui cand e gata; sosul e gata cand se incorporeaza mierea cu BBQ-ul.",Caiet personal,ceapa,20,g
Pui cu BBQ,"Taiem puiul bucatele. Spargem ouale si le batem. Zdrobim fulgii de porumb. Trecem puiul prin ou, apoi prin fulgi. Punem puiul la cuptorul preincalzit la 180C, 20 min. Cand e aproape gata, amestecam BBQ, miere si condimente pentru sos. Punem sosul peste pui cand e gata; sosul e gata cand se incorporeaza mierea cu BBQ-ul.",Caiet personal,ou,75,g
Pui cu BBQ,"Taiem puiul bucatele. Spargem ouale si le batem. Zdrobim fulgii de porumb. Trecem puiul prin ou, apoi prin fulgi. Punem puiul la cuptorul preincalzit la 180C, 20 min. Cand e aproape gata, amestecam BBQ, miere si condimente pentru sos. Punem sosul peste pui cand e gata; sosul e gata cand se incorporeaza mierea cu BBQ-ul.",Caiet personal,fulgi de porumb,100,g
Pui cu BBQ,"Taiem puiul bucatele. Spargem ouale si le batem. Zdrobim fulgii de porumb. Trecem puiul prin ou, apoi prin fulgi. Punem puiul la cuptorul preincalzit la 180C, 20 min. Cand e aproape gata, amestecam BBQ, miere si condimente pentru sos. Punem sosul peste pui cand e gata; sosul e gata cand se incorporeaza mierea cu BBQ-ul.",Caiet personal,sos bbq,40,g
Pui cu BBQ,"Taiem puiul bucatele. Spargem ouale si le batem. Zdrobim fulgii de porumb. Trecem puiul prin ou, apoi prin fulgi. Punem puiul la cuptorul preincalzit la 180C, 20 min. Cand e aproape gata, amestecam BBQ, miere si condimente pentru sos. Punem sosul peste pui cand e gata; sosul e gata cand se incorporeaza mierea cu BBQ-ul.",Caiet personal,miere,20,g
Cartofi fierti,"Taiem cartofii cubulete si ii punem la fiert in apa cu sare, rozmarin si cativa catei de usturoi putin zdrobiti. Ii lasam pana devin moi. La final punem piper deasupra (optional cascaval). Scoatem usturoiul din apa, il zdrobim si il punem deasupra.",Caiet personal,cartofi,150,g
Cartofi fierti,"Taiem cartofii cubulete si ii punem la fiert in apa cu sare, rozmarin si cativa catei de usturoi putin zdrobiti. Ii lasam pana devin moi. La final punem piper deasupra (optional cascaval). Scoatem usturoiul din apa, il zdrobim si il punem deasupra.",Caiet personal,sare,2,g
Cartofi fierti,"Taiem cartofii cubulete si ii punem la fiert in apa cu sare, rozmarin si cativa catei de usturoi putin zdrobiti. Ii lasam pana devin moi. La final punem piper deasupra (optional cascaval). Scoatem usturoiul din apa, il zdrobim si il punem deasupra.",Caiet personal,piper,1,g
Cartofi fierti,"Taiem cartofii cubulete si ii punem la fiert in apa cu sare, rozmarin si cativa catei de usturoi putin zdrobiti. Ii lasam pana devin moi. La final punem piper deasupra (optional cascaval). Scoatem usturoiul din apa, il zdrobim si il punem deasupra.",Caiet personal,usturoi,20,g
Cartofi fierti,"Taiem cartofii cubulete si ii punem la fiert in apa cu sare, rozmarin si cativa catei de usturoi putin zdrobiti. Ii lasam pana devin moi. La final punem piper deasupra (optional cascaval). Scoatem usturoiul din apa, il zdrobim si il punem deasupra.",Caiet personal,rozmarin,1,g
Quesadilla,"Taiem puiul si legumele bucatele mici. Le calim in putin ulei de masline. Adaugam condimentele si pasta de tomate. Indoim lipia pe jumatate (fara sa o rupem). Adaugam legumele, cascavalul, puiul si sosul. Rumenim quesadilla pe ambele parti in tigaie.",Caiet personal,lipie,60,g
Quesadilla,"Taiem puiul si legumele bucatele mici. Le calim in putin ulei de masline. Adaugam condimentele si pasta de tomate. Indoim lipia pe jumatate (fara sa o rupem). Adaugam legumele, cascavalul, puiul si sosul. Rumenim quesadilla pe ambele parti in tigaie.",Caiet personal,ardei,60,g
Quesadilla,"Taiem puiul si legumele bucatele mici. Le calim in putin ulei de masline. Adaugam condimentele si pasta de tomate. Indoim lipia pe jumatate (fara sa o rupem). Adaugam legumele, cascavalul, puiul si sosul. Rumenim quesadilla pe ambele parti in tigaie.",Caiet personal,ceapa,50,g
Quesadilla,"Taiem puiul si legumele bucatele mici. Le calim in putin ulei de masline. Adaugam condimentele si pasta de tomate. Indoim lipia pe jumatate (fara sa o rupem). Adaugam legumele, cascavalul, puiul si sosul. Rumenim quesadilla pe ambele parti in tigaie.",Caiet personal,piept de pui,100,g
Quesadilla,"Taiem puiul si legumele bucatele mici. Le calim in putin ulei de masline. Adaugam condimentele si pasta de tomate. Indoim lipia pe jumatate (fara sa o rupem). Adaugam legumele, cascavalul, puiul si sosul. Rumenim quesadilla pe ambele parti in tigaie.",Caiet personal,sare,2,g
Quesadilla,"Taiem puiul si legumele bucatele mici. Le calim in putin ulei de masline. Adaugam condimentele si pasta de tomate. Indoim lipia pe jumatate (fara sa o rupem). Adaugam legumele, cascavalul, puiul si sosul. Rumenim quesadilla pe ambele parti in tigaie.",Caiet personal,piper,1,g
Quesadilla,"Taiem puiul si legumele bucatele mici. Le calim in putin ulei de masline. Adaugam condimentele si pasta de tomate. Indoim lipia pe jumatate (fara sa o rupem). Adaugam legumele, cascavalul, puiul si sosul. Rumenim quesadilla pe ambele parti in tigaie.",Caiet personal,boia,1,g
Quesadilla,"Taiem puiul si legumele bucatele mici. Le calim in putin ulei de masline. Adaugam condimentele si pasta de tomate. Indoim lipia pe jumatate (fara sa o rupem). Adaugam legumele, cascavalul, puiul si sosul. Rumenim quesadilla pe ambele parti in tigaie.",Caiet personal,usturoi,13,g
Quesadilla,"Taiem puiul si legumele bucatele mici. Le calim in putin ulei de masline. Adaugam condimentele si pasta de tomate. Indoim lipia pe jumatate (fara sa o rupem). Adaugam legumele, cascavalul, puiul si sosul. Rumenim quesadilla pe ambele parti in tigaie.",Caiet personal,cascaval,50,g
Quesadilla,"Taiem puiul si legumele bucatele mici. Le calim in putin ulei de masline. Adaugam condimentele si pasta de tomate. Indoim lipia pe jumatate (fara sa o rupem). Adaugam legumele, cascavalul, puiul si sosul. Rumenim quesadilla pe ambele parti in tigaie.",Caiet personal,sos dulce-acrisor,30,g
Quesadilla,"Taiem puiul si legumele bucatele mici. Le calim in putin ulei de masline. Adaugam condimentele si pasta de tomate. Indoim lipia pe jumatate (fara sa o rupem). Adaugam legumele, cascavalul, puiul si sosul. Rumenim quesadilla pe ambele parti in tigaie.",Caiet personal,pasta de tomate,5,g
Burger de vita,"Zdrobim carnea de vita cu o furculita si o formam ca un burger. O punem in tigaia incinsa, 2-3 min pe fiecare parte, cu putina sare. Rumenim putin chifla. Taiem ceapa fasii si o calim in ulei de masline, apoi adaugam zaharul pana se topeste (ceapa caramelizata). Amestecam smantana, usturoi, ketchup si mustar pentru sos. Asamblam burgerul cu toate ingredientele.",Caiet personal,zahar brun,5,g
Burger de vita,"Zdrobim carnea de vita cu o furculita si o formam ca un burger. O punem in tigaia incinsa, 2-3 min pe fiecare parte, cu putina sare. Rumenim putin chifla. Taiem ceapa fasii si o calim in ulei de masline, apoi adaugam zaharul pana se topeste (ceapa caramelizata). Amestecam smantana, usturoi, ketchup si mustar pentru sos. Asamblam burgerul cu toate ingredientele.",Caiet personal,carne vita,100,g
Burger de vita,"Zdrobim carnea de vita cu o furculita si o formam ca un burger. O punem in tigaia incinsa, 2-3 min pe fiecare parte, cu putina sare. Rumenim putin chifla. Taiem ceapa fasii si o calim in ulei de masline, apoi adaugam zaharul pana se topeste (ceapa caramelizata). Amestecam smantana, usturoi, ketchup si mustar pentru sos. Asamblam burgerul cu toate ingredientele.",Caiet personal,chifla,60,g
Burger de vita,"Zdrobim carnea de vita cu o furculita si o formam ca un burger. O punem in tigaia incinsa, 2-3 min pe fiecare parte, cu putina sare. Rumenim putin chifla. Taiem ceapa fasii si o calim in ulei de masline, apoi adaugam zaharul pana se topeste (ceapa caramelizata). Amestecam smantana, usturoi, ketchup si mustar pentru sos. Asamblam burgerul cu toate ingredientele.",Caiet personal,ceapa,50,g
Burger de vita,"Zdrobim carnea de vita cu o furculita si o formam ca un burger. O punem in tigaia incinsa, 2-3 min pe fiecare parte, cu putina sare. Rumenim putin chifla. Taiem ceapa fasii si o calim in ulei de masline, apoi adaugam zaharul pana se topeste (ceapa caramelizata). Amestecam smantana, usturoi, ketchup si mustar pentru sos. Asamblam burgerul cu toate ingredientele.",Caiet personal,rosie,60,g
Burger de vita,"Zdrobim carnea de vita cu o furculita si o formam ca un burger. O punem in tigaia incinsa, 2-3 min pe fiecare parte, cu putina sare. Rumenim putin chifla. Taiem ceapa fasii si o calim in ulei de masline, apoi adaugam zaharul pana se topeste (ceapa caramelizata). Amestecam smantana, usturoi, ketchup si mustar pentru sos. Asamblam burgerul cu toate ingredientele.",Caiet personal,usturoi,5,g
Burger de vita,"Zdrobim carnea de vita cu o furculita si o formam ca un burger. O punem in tigaia incinsa, 2-3 min pe fiecare parte, cu putina sare. Rumenim putin chifla. Taiem ceapa fasii si o calim in ulei de masline, apoi adaugam zaharul pana se topeste (ceapa caramelizata). Amestecam smantana, usturoi, ketchup si mustar pentru sos. Asamblam burgerul cu toate ingredientele.",Caiet personal,smantana,15,g
Burger de vita,"Zdrobim carnea de vita cu o furculita si o formam ca un burger. O punem in tigaia incinsa, 2-3 min pe fiecare parte, cu putina sare. Rumenim putin chifla. Taiem ceapa fasii si o calim in ulei de masline, apoi adaugam zaharul pana se topeste (ceapa caramelizata). Amestecam smantana, usturoi, ketchup si mustar pentru sos. Asamblam burgerul cu toate ingredientele.",Caiet personal,mustar,3,g
Burger de vita,"Zdrobim carnea de vita cu o furculita si o formam ca un burger. O punem in tigaia incinsa, 2-3 min pe fiecare parte, cu putina sare. Rumenim putin chifla. Taiem ceapa fasii si o calim in ulei de masline, apoi adaugam zaharul pana se topeste (ceapa caramelizata). Amestecam smantana, usturoi, ketchup si mustar pentru sos. Asamblam burgerul cu toate ingredientele.",Caiet personal,ketchup,3,g
Burger de vita,"Zdrobim carnea de vita cu o furculita si o formam ca un burger. O punem in tigaia incinsa, 2-3 min pe fiecare parte, cu putina sare. Rumenim putin chifla. Taiem ceapa fasii si o calim in ulei de masline, apoi adaugam zaharul pana se topeste (ceapa caramelizata). Amestecam smantana, usturoi, ketchup si mustar pentru sos. Asamblam burgerul cu toate ingredientele.",Caiet personal,sare,2,g
Burger de vita,"Zdrobim carnea de vita cu o furculita si o formam ca un burger. O punem in tigaia incinsa, 2-3 min pe fiecare parte, cu putina sare. Rumenim putin chifla. Taiem ceapa fasii si o calim in ulei de masline, apoi adaugam zaharul pana se topeste (ceapa caramelizata). Amestecam smantana, usturoi, ketchup si mustar pentru sos. Asamblam burgerul cu toate ingredientele.",Caiet personal,castraveti murati,40,g
Burger de vita,"Zdrobim carnea de vita cu o furculita si o formam ca un burger. O punem in tigaia incinsa, 2-3 min pe fiecare parte, cu putina sare. Rumenim putin chifla. Taiem ceapa fasii si o calim in ulei de masline, apoi adaugam zaharul pana se topeste (ceapa caramelizata). Amestecam smantana, usturoi, ketchup si mustar pentru sos. Asamblam burgerul cu toate ingredientele.",Caiet personal,zeama de castraveti murati,5,g
Burger de vita,"Zdrobim carnea de vita cu o furculita si o formam ca un burger. O punem in tigaia incinsa, 2-3 min pe fiecare parte, cu putina sare. Rumenim putin chifla. Taiem ceapa fasii si o calim in ulei de masline, apoi adaugam zaharul pana se topeste (ceapa caramelizata). Amestecam smantana, usturoi, ketchup si mustar pentru sos. Asamblam burgerul cu toate ingredientele.",Caiet personal,cascaval,30,g
Snitel de pui la cuptor,"Zdrobim fulgii de porumb. Taiem puiul fasii groase. In faina punem condimentele si amestecam. Trecem puiul prin faina, apoi prin ou batut, apoi prin fulgi. Punem la cuptorul preincalzit la 180C, 20-30 min, intorcand la jumatatea timpului.",Caiet personal,piept de pui,500,g
Snitel de pui la cuptor,"Zdrobim fulgii de porumb. Taiem puiul fasii groase. In faina punem condimentele si amestecam. Trecem puiul prin faina, apoi prin ou batut, apoi prin fulgi. Punem la cuptorul preincalzit la 180C, 20-30 min, intorcand la jumatatea timpului.",Caiet personal,fulgi de porumb,200,g
Snitel de pui la cuptor,"Zdrobim fulgii de porumb. Taiem puiul fasii groase. In faina punem condimentele si amestecam. Trecem puiul prin faina, apoi prin ou batut, apoi prin fulgi. Punem la cuptorul preincalzit la 180C, 20-30 min, intorcand la jumatatea timpului.",Caiet personal,sare,2,g
Snitel de pui la cuptor,"Zdrobim fulgii de porumb. Taiem puiul fasii groase. In faina punem condimentele si amestecam. Trecem puiul prin faina, apoi prin ou batut, apoi prin fulgi. Punem la cuptorul preincalzit la 180C, 20-30 min, intorcand la jumatatea timpului.",Caiet personal,piper,1,g
Snitel de pui la cuptor,"Zdrobim fulgii de porumb. Taiem puiul fasii groase. In faina punem condimentele si amestecam. Trecem puiul prin faina, apoi prin ou batut, apoi prin fulgi. Punem la cuptorul preincalzit la 180C, 20-30 min, intorcand la jumatatea timpului.",Caiet personal,usturoi,3,g
Snitel de pui la cuptor,"Zdrobim fulgii de porumb. Taiem puiul fasii groase. In faina punem condimentele si amestecam. Trecem puiul prin faina, apoi prin ou batut, apoi prin fulgi. Punem la cuptorul preincalzit la 180C, 20-30 min, intorcand la jumatatea timpului.",Caiet personal,ceapa,3,g
Snitel de pui la cuptor,"Zdrobim fulgii de porumb. Taiem puiul fasii groase. In faina punem condimentele si amestecam. Trecem puiul prin faina, apoi prin ou batut, apoi prin fulgi. Punem la cuptorul preincalzit la 180C, 20-30 min, intorcand la jumatatea timpului.",Caiet personal,boia,2,g
Snitel de pui la cuptor,"Zdrobim fulgii de porumb. Taiem puiul fasii groase. In faina punem condimentele si amestecam. Trecem puiul prin faina, apoi prin ou batut, apoi prin fulgi. Punem la cuptorul preincalzit la 180C, 20-30 min, intorcand la jumatatea timpului.",Caiet personal,busuioc,1,g
Snitel de pui la cuptor,"Zdrobim fulgii de porumb. Taiem puiul fasii groase. In faina punem condimentele si amestecam. Trecem puiul prin faina, apoi prin ou batut, apoi prin fulgi. Punem la cuptorul preincalzit la 180C, 20-30 min, intorcand la jumatatea timpului.",Caiet personal,faina,100,g
Snitel de pui la cuptor,"Zdrobim fulgii de porumb. Taiem puiul fasii groase. In faina punem condimentele si amestecam. Trecem puiul prin faina, apoi prin ou batut, apoi prin fulgi. Punem la cuptorul preincalzit la 180C, 20-30 min, intorcand la jumatatea timpului.",Caiet personal,ou,100,g
Creveti in sos rosu,"Decorticam crevetii daca e cazul si ii punem in tigaia incinsa dupa ce se topeste untul. Adaugam imediat ceapa si usturoiul. Cand sunt aproape gata, adaugam pasta de tomate si condimentele.",Caiet personal,creveti,100,g
Creveti in sos rosu,"Decorticam crevetii daca e cazul si ii punem in tigaia incinsa dupa ce se topeste untul. Adaugam imediat ceapa si usturoiul. Cand sunt aproape gata, adaugam pasta de tomate si condimentele.",Caiet personal,pasta de tomate,5,g
Creveti in sos rosu,"Decorticam crevetii daca e cazul si ii punem in tigaia incinsa dupa ce se topeste untul. Adaugam imediat ceapa si usturoiul. Cand sunt aproape gata, adaugam pasta de tomate si condimentele.",Caiet personal,usturoi,10,g
Creveti in sos rosu,"Decorticam crevetii daca e cazul si ii punem in tigaia incinsa dupa ce se topeste untul. Adaugam imediat ceapa si usturoiul. Cand sunt aproape gata, adaugam pasta de tomate si condimentele.",Caiet personal,ceapa,50,g
Creveti in sos rosu,"Decorticam crevetii daca e cazul si ii punem in tigaia incinsa dupa ce se topeste untul. Adaugam imediat ceapa si usturoiul. Cand sunt aproape gata, adaugam pasta de tomate si condimentele.",Caiet personal,unt,40,g
Creveti in sos rosu,"Decorticam crevetii daca e cazul si ii punem in tigaia incinsa dupa ce se topeste untul. Adaugam imediat ceapa si usturoiul. Cand sunt aproape gata, adaugam pasta de tomate si condimentele.",Caiet personal,sare,2,g
Creveti in sos rosu,"Decorticam crevetii daca e cazul si ii punem in tigaia incinsa dupa ce se topeste untul. Adaugam imediat ceapa si usturoiul. Cand sunt aproape gata, adaugam pasta de tomate si condimentele.",Caiet personal,piper,1,g
Creveti in sos rosu,"Decorticam crevetii daca e cazul si ii punem in tigaia incinsa dupa ce se topeste untul. Adaugam imediat ceapa si usturoiul. Cand sunt aproape gata, adaugam pasta de tomate si condimentele.",Caiet personal,boia,1,g
Burrito cu pui,"Punem orezul la fiert in apa. Taiem legumele si puiul bucatele. Le calim in tigaie cu putin ulei de masline, pasta de tomate si condimentele. Asamblam lipia in forma de burrito cu toate ingredientele. Rumenim lipia in tigaie.",Caiet personal,smantana,30,g
Burrito cu pui,"Punem orezul la fiert in apa. Taiem legumele si puiul bucatele. Le calim in tigaie cu putin ulei de masline, pasta de tomate si condimentele. Asamblam lipia in forma de burrito cu toate ingredientele. Rumenim lipia in tigaie.",Caiet personal,piept de pui,150,g
Burrito cu pui,"Punem orezul la fiert in apa. Taiem legumele si puiul bucatele. Le calim in tigaie cu putin ulei de masline, pasta de tomate si condimentele. Asamblam lipia in forma de burrito cu toate ingredientele. Rumenim lipia in tigaie.",Caiet personal,ardei,120,g
Burrito cu pui,"Punem orezul la fiert in apa. Taiem legumele si puiul bucatele. Le calim in tigaie cu putin ulei de masline, pasta de tomate si condimentele. Asamblam lipia in forma de burrito cu toate ingredientele. Rumenim lipia in tigaie.",Caiet personal,ceapa,100,g
Burrito cu pui,"Punem orezul la fiert in apa. Taiem legumele si puiul bucatele. Le calim in tigaie cu putin ulei de masline, pasta de tomate si condimentele. Asamblam lipia in forma de burrito cu toate ingredientele. Rumenim lipia in tigaie.",Caiet personal,usturoi,10,g
Burrito cu pui,"Punem orezul la fiert in apa. Taiem legumele si puiul bucatele. Le calim in tigaie cu putin ulei de masline, pasta de tomate si condimentele. Asamblam lipia in forma de burrito cu toate ingredientele. Rumenim lipia in tigaie.",Caiet personal,pasta de tomate,5,g
Burrito cu pui,"Punem orezul la fiert in apa. Taiem legumele si puiul bucatele. Le calim in tigaie cu putin ulei de masline, pasta de tomate si condimentele. Asamblam lipia in forma de burrito cu toate ingredientele. Rumenim lipia in tigaie.",Caiet personal,sare,2,g
Burrito cu pui,"Punem orezul la fiert in apa. Taiem legumele si puiul bucatele. Le calim in tigaie cu putin ulei de masline, pasta de tomate si condimentele. Asamblam lipia in forma de burrito cu toate ingredientele. Rumenim lipia in tigaie.",Caiet personal,piper,1,g
Burrito cu pui,"Punem orezul la fiert in apa. Taiem legumele si puiul bucatele. Le calim in tigaie cu putin ulei de masline, pasta de tomate si condimentele. Asamblam lipia in forma de burrito cu toate ingredientele. Rumenim lipia in tigaie.",Caiet personal,boia,1,g
Burrito cu pui,"Punem orezul la fiert in apa. Taiem legumele si puiul bucatele. Le calim in tigaie cu putin ulei de masline, pasta de tomate si condimentele. Asamblam lipia in forma de burrito cu toate ingredientele. Rumenim lipia in tigaie.",Caiet personal,lipie,120,g
Burrito cu pui,"Punem orezul la fiert in apa. Taiem legumele si puiul bucatele. Le calim in tigaie cu putin ulei de masline, pasta de tomate si condimentele. Asamblam lipia in forma de burrito cu toate ingredientele. Rumenim lipia in tigaie.",Caiet personal,orez,100,g
Burrito cu pui,"Punem orezul la fiert in apa. Taiem legumele si puiul bucatele. Le calim in tigaie cu putin ulei de masline, pasta de tomate si condimentele. Asamblam lipia in forma de burrito cu toate ingredientele. Rumenim lipia in tigaie.",Caiet personal,cascaval,100,g
Paste cu creveti,"Decorticam crevetii daca e cazul si ii punem in tigaie cu putin unt sau ulei de masline. Adaugam imediat ceapa si usturoiul. Cand sunt aproape gata, adaugam pasta de tomate si condimentele. Punem pastele la fiert in apa cu sare ~10 min. Cand crevetii sunt gata, adaugam smantana de gatit si parmezanul. Dupa 1 min adaugam si pastele.",Caiet personal,paste,175,g
Paste cu creveti,"Decorticam crevetii daca e cazul si ii punem in tigaie cu putin unt sau ulei de masline. Adaugam imediat ceapa si usturoiul. Cand sunt aproape gata, adaugam pasta de tomate si condimentele. Punem pastele la fiert in apa cu sare ~10 min. Cand crevetii sunt gata, adaugam smantana de gatit si parmezanul. Dupa 1 min adaugam si pastele.",Caiet personal,pasta de tomate,5,g
Paste cu creveti,"Decorticam crevetii daca e cazul si ii punem in tigaie cu putin unt sau ulei de masline. Adaugam imediat ceapa si usturoiul. Cand sunt aproape gata, adaugam pasta de tomate si condimentele. Punem pastele la fiert in apa cu sare ~10 min. Cand crevetii sunt gata, adaugam smantana de gatit si parmezanul. Dupa 1 min adaugam si pastele.",Caiet personal,usturoi,5,g
Paste cu creveti,"Decorticam crevetii daca e cazul si ii punem in tigaie cu putin unt sau ulei de masline. Adaugam imediat ceapa si usturoiul. Cand sunt aproape gata, adaugam pasta de tomate si condimentele. Punem pastele la fiert in apa cu sare ~10 min. Cand crevetii sunt gata, adaugam smantana de gatit si parmezanul. Dupa 1 min adaugam si pastele.",Caiet personal,sare,2,g
Paste cu creveti,"Decorticam crevetii daca e cazul si ii punem in tigaie cu putin unt sau ulei de masline. Adaugam imediat ceapa si usturoiul. Cand sunt aproape gata, adaugam pasta de tomate si condimentele. Punem pastele la fiert in apa cu sare ~10 min. Cand crevetii sunt gata, adaugam smantana de gatit si parmezanul. Dupa 1 min adaugam si pastele.",Caiet personal,piper,1,g
Paste cu creveti,"Decorticam crevetii daca e cazul si ii punem in tigaie cu putin unt sau ulei de masline. Adaugam imediat ceapa si usturoiul. Cand sunt aproape gata, adaugam pasta de tomate si condimentele. Punem pastele la fiert in apa cu sare ~10 min. Cand crevetii sunt gata, adaugam smantana de gatit si parmezanul. Dupa 1 min adaugam si pastele.",Caiet personal,creveti,100,g
Paste cu creveti,"Decorticam crevetii daca e cazul si ii punem in tigaie cu putin unt sau ulei de masline. Adaugam imediat ceapa si usturoiul. Cand sunt aproape gata, adaugam pasta de tomate si condimentele. Punem pastele la fiert in apa cu sare ~10 min. Cand crevetii sunt gata, adaugam smantana de gatit si parmezanul. Dupa 1 min adaugam si pastele.",Caiet personal,smantana de gatit,100,ml
Paste cu creveti,"Decorticam crevetii daca e cazul si ii punem in tigaie cu putin unt sau ulei de masline. Adaugam imediat ceapa si usturoiul. Cand sunt aproape gata, adaugam pasta de tomate si condimentele. Punem pastele la fiert in apa cu sare ~10 min. Cand crevetii sunt gata, adaugam smantana de gatit si parmezanul. Dupa 1 min adaugam si pastele.",Caiet personal,parmezan,100,g
Paste cu creveti,"Decorticam crevetii daca e cazul si ii punem in tigaie cu putin unt sau ulei de masline. Adaugam imediat ceapa si usturoiul. Cand sunt aproape gata, adaugam pasta de tomate si condimentele. Punem pastele la fiert in apa cu sare ~10 min. Cand crevetii sunt gata, adaugam smantana de gatit si parmezanul. Dupa 1 min adaugam si pastele.",Caiet personal,ceapa,50,g
Orez asiatic,"Taiem puiul bucatele mici si il lasam la marinat peste noapte (sau minim 2 ore) cu sos de soia si condimente. Punem orezul la fiert in apa cat sa-l acopere, cu sare. Il spalam in prealabil. Taiem legumele si le calim in putin ulei de masline (exceptand ceapa verde, care se pune deasupra la final). Adaugam puiul cu legumele; cand e gata adaugam orezul si sosul de soia si amestecam. Adaugam ouale batute si amestecam.",Caiet personal,sare,2,g
Orez asiatic,"Taiem puiul bucatele mici si il lasam la marinat peste noapte (sau minim 2 ore) cu sos de soia si condimente. Punem orezul la fiert in apa cat sa-l acopere, cu sare. Il spalam in prealabil. Taiem legumele si le calim in putin ulei de masline (exceptand ceapa verde, care se pune deasupra la final). Adaugam puiul cu legumele; cand e gata adaugam orezul si sosul de soia si amestecam. Adaugam ouale batute si amestecam.",Caiet personal,piper,1,g
Orez asiatic,"Taiem puiul bucatele mici si il lasam la marinat peste noapte (sau minim 2 ore) cu sos de soia si condimente. Punem orezul la fiert in apa cat sa-l acopere, cu sare. Il spalam in prealabil. Taiem legumele si le calim in putin ulei de masline (exceptand ceapa verde, care se pune deasupra la final). Adaugam puiul cu legumele; cand e gata adaugam orezul si sosul de soia si amestecam. Adaugam ouale batute si amestecam.",Caiet personal,orez,100,g
Orez asiatic,"Taiem puiul bucatele mici si il lasam la marinat peste noapte (sau minim 2 ore) cu sos de soia si condimente. Punem orezul la fiert in apa cat sa-l acopere, cu sare. Il spalam in prealabil. Taiem legumele si le calim in putin ulei de masline (exceptand ceapa verde, care se pune deasupra la final). Adaugam puiul cu legumele; cand e gata adaugam orezul si sosul de soia si amestecam. Adaugam ouale batute si amestecam.",Caiet personal,ceapa,100,g
Orez asiatic,"Taiem puiul bucatele mici si il lasam la marinat peste noapte (sau minim 2 ore) cu sos de soia si condimente. Punem orezul la fiert in apa cat sa-l acopere, cu sare. Il spalam in prealabil. Taiem legumele si le calim in putin ulei de masline (exceptand ceapa verde, care se pune deasupra la final). Adaugam puiul cu legumele; cand e gata adaugam orezul si sosul de soia si amestecam. Adaugam ouale batute si amestecam.",Caiet personal,piept de pui,100,g
Orez asiatic,"Taiem puiul bucatele mici si il lasam la marinat peste noapte (sau minim 2 ore) cu sos de soia si condimente. Punem orezul la fiert in apa cat sa-l acopere, cu sare. Il spalam in prealabil. Taiem legumele si le calim in putin ulei de masline (exceptand ceapa verde, care se pune deasupra la final). Adaugam puiul cu legumele; cand e gata adaugam orezul si sosul de soia si amestecam. Adaugam ouale batute si amestecam.",Caiet personal,morcov,50,g
Orez asiatic,"Taiem puiul bucatele mici si il lasam la marinat peste noapte (sau minim 2 ore) cu sos de soia si condimente. Punem orezul la fiert in apa cat sa-l acopere, cu sare. Il spalam in prealabil. Taiem legumele si le calim in putin ulei de masline (exceptand ceapa verde, care se pune deasupra la final). Adaugam puiul cu legumele; cand e gata adaugam orezul si sosul de soia si amestecam. Adaugam ouale batute si amestecam.",Caiet personal,ceapa verde,15,g
Orez asiatic,"Taiem puiul bucatele mici si il lasam la marinat peste noapte (sau minim 2 ore) cu sos de soia si condimente. Punem orezul la fiert in apa cat sa-l acopere, cu sare. Il spalam in prealabil. Taiem legumele si le calim in putin ulei de masline (exceptand ceapa verde, care se pune deasupra la final). Adaugam puiul cu legumele; cand e gata adaugam orezul si sosul de soia si amestecam. Adaugam ouale batute si amestecam.",Caiet personal,usturoi,5,g
Orez asiatic,"Taiem puiul bucatele mici si il lasam la marinat peste noapte (sau minim 2 ore) cu sos de soia si condimente. Punem orezul la fiert in apa cat sa-l acopere, cu sare. Il spalam in prealabil. Taiem legumele si le calim in putin ulei de masline (exceptand ceapa verde, care se pune deasupra la final). Adaugam puiul cu legumele; cand e gata adaugam orezul si sosul de soia si amestecam. Adaugam ouale batute si amestecam.",Caiet personal,ardei rosu,60,g
Orez asiatic,"Taiem puiul bucatele mici si il lasam la marinat peste noapte (sau minim 2 ore) cu sos de soia si condimente. Punem orezul la fiert in apa cat sa-l acopere, cu sare. Il spalam in prealabil. Taiem legumele si le calim in putin ulei de masline (exceptand ceapa verde, care se pune deasupra la final). Adaugam puiul cu legumele; cand e gata adaugam orezul si sosul de soia si amestecam. Adaugam ouale batute si amestecam.",Caiet personal,sos de soia,30,ml
Orez asiatic,"Taiem puiul bucatele mici si il lasam la marinat peste noapte (sau minim 2 ore) cu sos de soia si condimente. Punem orezul la fiert in apa cat sa-l acopere, cu sare. Il spalam in prealabil. Taiem legumele si le calim in putin ulei de masline (exceptand ceapa verde, care se pune deasupra la final). Adaugam puiul cu legumele; cand e gata adaugam orezul si sosul de soia si amestecam. Adaugam ouale batute si amestecam.",Caiet personal,ou,100,g
Paste cu sos de branza,"Punem pastele la fiert in apa cu sare, ~10 min dupa ce apa da in clocot. Radem branzeturile. Intr-o tigaie incinsa punem smantana si o lasam pana scoate bule, apoi adaugam branzeturile si condimentele, amestecand pana se topesc si se omogenizeaza cu pastele.",Caiet personal,paste,90,g
Paste cu sos de branza,"Punem pastele la fiert in apa cu sare, ~10 min dupa ce apa da in clocot. Radem branzeturile. Intr-o tigaie incinsa punem smantana si o lasam pana scoate bule, apoi adaugam branzeturile si condimentele, amestecand pana se topesc si se omogenizeaza cu pastele.",Caiet personal,cascaval,50,g
Paste cu sos de branza,"Punem pastele la fiert in apa cu sare, ~10 min dupa ce apa da in clocot. Radem branzeturile. Intr-o tigaie incinsa punem smantana si o lasam pana scoate bule, apoi adaugam branzeturile si condimentele, amestecand pana se topesc si se omogenizeaza cu pastele.",Caiet personal,branza,50,g
Paste cu sos de branza,"Punem pastele la fiert in apa cu sare, ~10 min dupa ce apa da in clocot. Radem branzeturile. Intr-o tigaie incinsa punem smantana si o lasam pana scoate bule, apoi adaugam branzeturile si condimentele, amestecand pana se topesc si se omogenizeaza cu pastele.",Caiet personal,parmezan,30,g
Paste cu sos de branza,"Punem pastele la fiert in apa cu sare, ~10 min dupa ce apa da in clocot. Radem branzeturile. Intr-o tigaie incinsa punem smantana si o lasam pana scoate bule, apoi adaugam branzeturile si condimentele, amestecand pana se topesc si se omogenizeaza cu pastele.",Caiet personal,smantana de gatit,60,ml
Paste cu sos de branza,"Punem pastele la fiert in apa cu sare, ~10 min dupa ce apa da in clocot. Radem branzeturile. Intr-o tigaie incinsa punem smantana si o lasam pana scoate bule, apoi adaugam branzeturile si condimentele, amestecand pana se topesc si se omogenizeaza cu pastele.",Caiet personal,sare,2,g
Paste cu sos de branza,"Punem pastele la fiert in apa cu sare, ~10 min dupa ce apa da in clocot. Radem branzeturile. Intr-o tigaie incinsa punem smantana si o lasam pana scoate bule, apoi adaugam branzeturile si condimentele, amestecand pana se topesc si se omogenizeaza cu pastele.",Caiet personal,piper,1,g
Paste cu sos de branza,"Punem pastele la fiert in apa cu sare, ~10 min dupa ce apa da in clocot. Radem branzeturile. Intr-o tigaie incinsa punem smantana si o lasam pana scoate bule, apoi adaugam branzeturile si condimentele, amestecand pana se topesc si se omogenizeaza cu pastele.",Caiet personal,boia,1,g
Avocado cu ou sandwich,"Punem painea la prajit intr-un prajitor sau in tigaie cu putin ulei sau unt. Taiem legumele bucatele mici. Sectionam avocado, scoatem samburele si zdrobim jumatate din pulpa. O amestecam cu legumele, zeama de lamaie si condimentele, apoi cu branza si oul fiert zdrobit cu furculita.",Caiet personal,avocado,100,g
Avocado cu ou sandwich,"Punem painea la prajit intr-un prajitor sau in tigaie cu putin ulei sau unt. Taiem legumele bucatele mici. Sectionam avocado, scoatem samburele si zdrobim jumatate din pulpa. O amestecam cu legumele, zeama de lamaie si condimentele, apoi cu branza si oul fiert zdrobit cu furculita.",Caiet personal,rosie,60,g
Avocado cu ou sandwich,"Punem painea la prajit intr-un prajitor sau in tigaie cu putin ulei sau unt. Taiem legumele bucatele mici. Sectionam avocado, scoatem samburele si zdrobim jumatate din pulpa. O amestecam cu legumele, zeama de lamaie si condimentele, apoi cu branza si oul fiert zdrobit cu furculita.",Caiet personal,ceapa,50,g
Avocado cu ou sandwich,"Punem painea la prajit intr-un prajitor sau in tigaie cu putin ulei sau unt. Taiem legumele bucatele mici. Sectionam avocado, scoatem samburele si zdrobim jumatate din pulpa. O amestecam cu legumele, zeama de lamaie si condimentele, apoi cu branza si oul fiert zdrobit cu furculita.",Caiet personal,sare,2,g
Avocado cu ou sandwich,"Punem painea la prajit intr-un prajitor sau in tigaie cu putin ulei sau unt. Taiem legumele bucatele mici. Sectionam avocado, scoatem samburele si zdrobim jumatate din pulpa. O amestecam cu legumele, zeama de lamaie si condimentele, apoi cu branza si oul fiert zdrobit cu furculita.",Caiet personal,piper,1,g
Avocado cu ou sandwich,"Punem painea la prajit intr-un prajitor sau in tigaie cu putin ulei sau unt. Taiem legumele bucatele mici. Sectionam avocado, scoatem samburele si zdrobim jumatate din pulpa. O amestecam cu legumele, zeama de lamaie si condimentele, apoi cu branza si oul fiert zdrobit cu furculita.",Caiet personal,usturoi,5,g
Avocado cu ou sandwich,"Punem painea la prajit intr-un prajitor sau in tigaie cu putin ulei sau unt. Taiem legumele bucatele mici. Sectionam avocado, scoatem samburele si zdrobim jumatate din pulpa. O amestecam cu legumele, zeama de lamaie si condimentele, apoi cu branza si oul fiert zdrobit cu furculita.",Caiet personal,paine,60,g
Avocado cu ou sandwich,"Punem painea la prajit intr-un prajitor sau in tigaie cu putin ulei sau unt. Taiem legumele bucatele mici. Sectionam avocado, scoatem samburele si zdrobim jumatate din pulpa. O amestecam cu legumele, zeama de lamaie si condimentele, apoi cu branza si oul fiert zdrobit cu furculita.",Caiet personal,ou fiert,50,g
Avocado cu ou sandwich,"Punem painea la prajit intr-un prajitor sau in tigaie cu putin ulei sau unt. Taiem legumele bucatele mici. Sectionam avocado, scoatem samburele si zdrobim jumatate din pulpa. O amestecam cu legumele, zeama de lamaie si condimentele, apoi cu branza si oul fiert zdrobit cu furculita.",Caiet personal,branza/telemea,50,g
Avocado cu ou sandwich,"Punem painea la prajit intr-un prajitor sau in tigaie cu putin ulei sau unt. Taiem legumele bucatele mici. Sectionam avocado, scoatem samburele si zdrobim jumatate din pulpa. O amestecam cu legumele, zeama de lamaie si condimentele, apoi cu branza si oul fiert zdrobit cu furculita.",Caiet personal,zeama de lamaie,5,g
Burger de pui,"Rumenim chifla in tigaie. Punem puiul in blender cu toate condimentele si il formam rotund, ca un burger. Trecem burgerul prin faina, apoi prin ou, apoi prin fulgii de porumb zdrobiti. Taiem usturoiul si-l amestecam cu smantana/maioneza pentru sos. Punem puiul la air fryer sau cuptor, 15-20 min la 180C.",Caiet personal,smantana/maioneza,15,g
Burger de pui,"Rumenim chifla in tigaie. Punem puiul in blender cu toate condimentele si il formam rotund, ca un burger. Trecem burgerul prin faina, apoi prin ou, apoi prin fulgii de porumb zdrobiti. Taiem usturoiul si-l amestecam cu smantana/maioneza pentru sos. Punem puiul la air fryer sau cuptor, 15-20 min la 180C.",Caiet personal,piept de pui,150,g
Burger de pui,"Rumenim chifla in tigaie. Punem puiul in blender cu toate condimentele si il formam rotund, ca un burger. Trecem burgerul prin faina, apoi prin ou, apoi prin fulgii de porumb zdrobiti. Taiem usturoiul si-l amestecam cu smantana/maioneza pentru sos. Punem puiul la air fryer sau cuptor, 15-20 min la 180C.",Caiet personal,fulgi de porumb,50,g
Burger de pui,"Rumenim chifla in tigaie. Punem puiul in blender cu toate condimentele si il formam rotund, ca un burger. Trecem burgerul prin faina, apoi prin ou, apoi prin fulgii de porumb zdrobiti. Taiem usturoiul si-l amestecam cu smantana/maioneza pentru sos. Punem puiul la air fryer sau cuptor, 15-20 min la 180C.",Caiet personal,ou,50,g
Burger de pui,"Rumenim chifla in tigaie. Punem puiul in blender cu toate condimentele si il formam rotund, ca un burger. Trecem burgerul prin faina, apoi prin ou, apoi prin fulgii de porumb zdrobiti. Taiem usturoiul si-l amestecam cu smantana/maioneza pentru sos. Punem puiul la air fryer sau cuptor, 15-20 min la 180C.",Caiet personal,faina,15,g
Burger de pui,"Rumenim chifla in tigaie. Punem puiul in blender cu toate condimentele si il formam rotund, ca un burger. Trecem burgerul prin faina, apoi prin ou, apoi prin fulgii de porumb zdrobiti. Taiem usturoiul si-l amestecam cu smantana/maioneza pentru sos. Punem puiul la air fryer sau cuptor, 15-20 min la 180C.",Caiet personal,sare,2,g
Burger de pui,"Rumenim chifla in tigaie. Punem puiul in blender cu toate condimentele si il formam rotund, ca un burger. Trecem burgerul prin faina, apoi prin ou, apoi prin fulgii de porumb zdrobiti. Taiem usturoiul si-l amestecam cu smantana/maioneza pentru sos. Punem puiul la air fryer sau cuptor, 15-20 min la 180C.",Caiet personal,piper,1,g
Burger de pui,"Rumenim chifla in tigaie. Punem puiul in blender cu toate condimentele si il formam rotund, ca un burger. Trecem burgerul prin faina, apoi prin ou, apoi prin fulgii de porumb zdrobiti. Taiem usturoiul si-l amestecam cu smantana/maioneza pentru sos. Punem puiul la air fryer sau cuptor, 15-20 min la 180C.",Caiet personal,ceapa,2,g
Burger de pui,"Rumenim chifla in tigaie. Punem puiul in blender cu toate condimentele si il formam rotund, ca un burger. Trecem burgerul prin faina, apoi prin ou, apoi prin fulgii de porumb zdrobiti. Taiem usturoiul si-l amestecam cu smantana/maioneza pentru sos. Punem puiul la air fryer sau cuptor, 15-20 min la 180C.",Caiet personal,usturoi granulat,2,g
Burger de pui,"Rumenim chifla in tigaie. Punem puiul in blender cu toate condimentele si il formam rotund, ca un burger. Trecem burgerul prin faina, apoi prin ou, apoi prin fulgii de porumb zdrobiti. Taiem usturoiul si-l amestecam cu smantana/maioneza pentru sos. Punem puiul la air fryer sau cuptor, 15-20 min la 180C.",Caiet personal,boia,1,g
Burger de pui,"Rumenim chifla in tigaie. Punem puiul in blender cu toate condimentele si il formam rotund, ca un burger. Trecem burgerul prin faina, apoi prin ou, apoi prin fulgii de porumb zdrobiti. Taiem usturoiul si-l amestecam cu smantana/maioneza pentru sos. Punem puiul la air fryer sau cuptor, 15-20 min la 180C.",Caiet personal,busuioc,1,g
Burger de pui,"Rumenim chifla in tigaie. Punem puiul in blender cu toate condimentele si il formam rotund, ca un burger. Trecem burgerul prin faina, apoi prin ou, apoi prin fulgii de porumb zdrobiti. Taiem usturoiul si-l amestecam cu smantana/maioneza pentru sos. Punem puiul la air fryer sau cuptor, 15-20 min la 180C.",Caiet personal,chifla,60,g
Burger de pui,"Rumenim chifla in tigaie. Punem puiul in blender cu toate condimentele si il formam rotund, ca un burger. Trecem burgerul prin faina, apoi prin ou, apoi prin fulgii de porumb zdrobiti. Taiem usturoiul si-l amestecam cu smantana/maioneza pentru sos. Punem puiul la air fryer sau cuptor, 15-20 min la 180C.",Caiet personal,castraveti murati,40,g
Burger de pui,"Rumenim chifla in tigaie. Punem puiul in blender cu toate condimentele si il formam rotund, ca un burger. Trecem burgerul prin faina, apoi prin ou, apoi prin fulgii de porumb zdrobiti. Taiem usturoiul si-l amestecam cu smantana/maioneza pentru sos. Punem puiul la air fryer sau cuptor, 15-20 min la 180C.",Caiet personal,cascaval,20,g
Burger de pui,"Rumenim chifla in tigaie. Punem puiul in blender cu toate condimentele si il formam rotund, ca un burger. Trecem burgerul prin faina, apoi prin ou, apoi prin fulgii de porumb zdrobiti. Taiem usturoiul si-l amestecam cu smantana/maioneza pentru sos. Punem puiul la air fryer sau cuptor, 15-20 min la 180C.",Caiet personal,usturoi,5,g
Lasagna (mai dietetica),"Punem foile de lasagna la fiert in apa. Taiem legumele bucatele mici. Punem carnea in tigaie si adaugam legumele taiate, apa cat sa acopere si condimentele. Punem capac si lasam la foc mic pana se evapora apa. Adaugam pasta de tomate. Punem cottage cheese-ul intr-un blender pana devine cremos, ca un sos. Asamblam: sos, carne, cascaval, foaie, si repetam straturile.",Caiet personal,foi de lasagna,90,g
Lasagna (mai dietetica),"Punem foile de lasagna la fiert in apa. Taiem legumele bucatele mici. Punem carnea in tigaie si adaugam legumele taiate, apa cat sa acopere si condimentele. Punem capac si lasam la foc mic pana se evapora apa. Adaugam pasta de tomate. Punem cottage cheese-ul intr-un blender pana devine cremos, ca un sos. Asamblam: sos, carne, cascaval, foaie, si repetam straturile.",Caiet personal,pasta de tomate,10,g
Lasagna (mai dietetica),"Punem foile de lasagna la fiert in apa. Taiem legumele bucatele mici. Punem carnea in tigaie si adaugam legumele taiate, apa cat sa acopere si condimentele. Punem capac si lasam la foc mic pana se evapora apa. Adaugam pasta de tomate. Punem cottage cheese-ul intr-un blender pana devine cremos, ca un sos. Asamblam: sos, carne, cascaval, foaie, si repetam straturile.",Caiet personal,cottage cheese,100,g
Lasagna (mai dietetica),"Punem foile de lasagna la fiert in apa. Taiem legumele bucatele mici. Punem carnea in tigaie si adaugam legumele taiate, apa cat sa acopere si condimentele. Punem capac si lasam la foc mic pana se evapora apa. Adaugam pasta de tomate. Punem cottage cheese-ul intr-un blender pana devine cremos, ca un sos. Asamblam: sos, carne, cascaval, foaie, si repetam straturile.",Caiet personal,ceapa,50,g
Lasagna (mai dietetica),"Punem foile de lasagna la fiert in apa. Taiem legumele bucatele mici. Punem carnea in tigaie si adaugam legumele taiate, apa cat sa acopere si condimentele. Punem capac si lasam la foc mic pana se evapora apa. Adaugam pasta de tomate. Punem cottage cheese-ul intr-un blender pana devine cremos, ca un sos. Asamblam: sos, carne, cascaval, foaie, si repetam straturile.",Caiet personal,morcov,50,g
Lasagna (mai dietetica),"Punem foile de lasagna la fiert in apa. Taiem legumele bucatele mici. Punem carnea in tigaie si adaugam legumele taiate, apa cat sa acopere si condimentele. Punem capac si lasam la foc mic pana se evapora apa. Adaugam pasta de tomate. Punem cottage cheese-ul intr-un blender pana devine cremos, ca un sos. Asamblam: sos, carne, cascaval, foaie, si repetam straturile.",Caiet personal,usturoi,5,g
Lasagna (mai dietetica),"Punem foile de lasagna la fiert in apa. Taiem legumele bucatele mici. Punem carnea in tigaie si adaugam legumele taiate, apa cat sa acopere si condimentele. Punem capac si lasam la foc mic pana se evapora apa. Adaugam pasta de tomate. Punem cottage cheese-ul intr-un blender pana devine cremos, ca un sos. Asamblam: sos, carne, cascaval, foaie, si repetam straturile.",Caiet personal,apa,50,ml
Lasagna (mai dietetica),"Punem foile de lasagna la fiert in apa. Taiem legumele bucatele mici. Punem carnea in tigaie si adaugam legumele taiate, apa cat sa acopere si condimentele. Punem capac si lasam la foc mic pana se evapora apa. Adaugam pasta de tomate. Punem cottage cheese-ul intr-un blender pana devine cremos, ca un sos. Asamblam: sos, carne, cascaval, foaie, si repetam straturile.",Caiet personal,mozzarella/cascaval,100,g
Lasagna (mai dietetica),"Punem foile de lasagna la fiert in apa. Taiem legumele bucatele mici. Punem carnea in tigaie si adaugam legumele taiate, apa cat sa acopere si condimentele. Punem capac si lasam la foc mic pana se evapora apa. Adaugam pasta de tomate. Punem cottage cheese-ul intr-un blender pana devine cremos, ca un sos. Asamblam: sos, carne, cascaval, foaie, si repetam straturile.",Caiet personal,sare,2,g
Lasagna (mai dietetica),"Punem foile de lasagna la fiert in apa. Taiem legumele bucatele mici. Punem carnea in tigaie si adaugam legumele taiate, apa cat sa acopere si condimentele. Punem capac si lasam la foc mic pana se evapora apa. Adaugam pasta de tomate. Punem cottage cheese-ul intr-un blender pana devine cremos, ca un sos. Asamblam: sos, carne, cascaval, foaie, si repetam straturile.",Caiet personal,piper,1,g
Lasagna (mai dietetica),"Punem foile de lasagna la fiert in apa. Taiem legumele bucatele mici. Punem carnea in tigaie si adaugam legumele taiate, apa cat sa acopere si condimentele. Punem capac si lasam la foc mic pana se evapora apa. Adaugam pasta de tomate. Punem cottage cheese-ul intr-un blender pana devine cremos, ca un sos. Asamblam: sos, carne, cascaval, foaie, si repetam straturile.",Caiet personal,boia,1,g
Lasagna (mai dietetica),"Punem foile de lasagna la fiert in apa. Taiem legumele bucatele mici. Punem carnea in tigaie si adaugam legumele taiate, apa cat sa acopere si condimentele. Punem capac si lasam la foc mic pana se evapora apa. Adaugam pasta de tomate. Punem cottage cheese-ul intr-un blender pana devine cremos, ca un sos. Asamblam: sos, carne, cascaval, foaie, si repetam straturile.",Caiet personal,usturoi granulat,1,g
Lasagna (mai dietetica),"Punem foile de lasagna la fiert in apa. Taiem legumele bucatele mici. Punem carnea in tigaie si adaugam legumele taiate, apa cat sa acopere si condimentele. Punem capac si lasam la foc mic pana se evapora apa. Adaugam pasta de tomate. Punem cottage cheese-ul intr-un blender pana devine cremos, ca un sos. Asamblam: sos, carne, cascaval, foaie, si repetam straturile.",Caiet personal,ceapa praf,1,g
Lasagna (mai dietetica),"Punem foile de lasagna la fiert in apa. Taiem legumele bucatele mici. Punem carnea in tigaie si adaugam legumele taiate, apa cat sa acopere si condimentele. Punem capac si lasam la foc mic pana se evapora apa. Adaugam pasta de tomate. Punem cottage cheese-ul intr-un blender pana devine cremos, ca un sos. Asamblam: sos, carne, cascaval, foaie, si repetam straturile.",Caiet personal,carne tocata de vita,100,g
Paste cu sos de rosii,"Punem pastele la fiert cu sare, ~10 min dupa ce apa da in clocot. Incalzim putin sosul in tigaie cu condimente. Amestecam pastele cu sosul, adaugam parmezanul si amestecam. Adaugam piper suplimentar deasupra, dupa gust.",Caiet personal,sos de rosii,100,g
Paste cu sos de rosii,"Punem pastele la fiert cu sare, ~10 min dupa ce apa da in clocot. Incalzim putin sosul in tigaie cu condimente. Amestecam pastele cu sosul, adaugam parmezanul si amestecam. Adaugam piper suplimentar deasupra, dupa gust.",Caiet personal,parmezan,35,g
Paste cu sos de rosii,"Punem pastele la fiert cu sare, ~10 min dupa ce apa da in clocot. Incalzim putin sosul in tigaie cu condimente. Amestecam pastele cu sosul, adaugam parmezanul si amestecam. Adaugam piper suplimentar deasupra, dupa gust.",Caiet personal,sare,2,g
Paste cu sos de rosii,"Punem pastele la fiert cu sare, ~10 min dupa ce apa da in clocot. Incalzim putin sosul in tigaie cu condimente. Amestecam pastele cu sosul, adaugam parmezanul si amestecam. Adaugam piper suplimentar deasupra, dupa gust.",Caiet personal,piper,1,g
Paste cu sos de rosii,"Punem pastele la fiert cu sare, ~10 min dupa ce apa da in clocot. Incalzim putin sosul in tigaie cu condimente. Amestecam pastele cu sosul, adaugam parmezanul si amestecam. Adaugam piper suplimentar deasupra, dupa gust.",Caiet personal,paste,90,g
Piept de pui la cuptor,"Taiem puiul fasii groase (ca sa nu se usuce). Il amestecam cu restul ingredientelor si il lasam la marinat peste noapte (sau minim 2 ore). Il punem in cuptorul preincalzit la 180C timp de 20-30 min, intorcandu-l la jumatatea timpului.",Caiet personal,piept de pui,200,g
Piept de pui la cuptor,"Taiem puiul fasii groase (ca sa nu se usuce). Il amestecam cu restul ingredientelor si il lasam la marinat peste noapte (sau minim 2 ore). Il punem in cuptorul preincalzit la 180C timp de 20-30 min, intorcandu-l la jumatatea timpului.",Caiet personal,iaurt,30,g
Piept de pui la cuptor,"Taiem puiul fasii groase (ca sa nu se usuce). Il amestecam cu restul ingredientelor si il lasam la marinat peste noapte (sau minim 2 ore). Il punem in cuptorul preincalzit la 180C timp de 20-30 min, intorcandu-l la jumatatea timpului.",Caiet personal,sare,2,g
Piept de pui la cuptor,"Taiem puiul fasii groase (ca sa nu se usuce). Il amestecam cu restul ingredientelor si il lasam la marinat peste noapte (sau minim 2 ore). Il punem in cuptorul preincalzit la 180C timp de 20-30 min, intorcandu-l la jumatatea timpului.",Caiet personal,piper,1,g
Piept de pui la cuptor,"Taiem puiul fasii groase (ca sa nu se usuce). Il amestecam cu restul ingredientelor si il lasam la marinat peste noapte (sau minim 2 ore). Il punem in cuptorul preincalzit la 180C timp de 20-30 min, intorcandu-l la jumatatea timpului.",Caiet personal,ceapa,2,g
Piept de pui la cuptor,"Taiem puiul fasii groase (ca sa nu se usuce). Il amestecam cu restul ingredientelor si il lasam la marinat peste noapte (sau minim 2 ore). Il punem in cuptorul preincalzit la 180C timp de 20-30 min, intorcandu-l la jumatatea timpului.",Caiet personal,boia,2,g
Piept de pui la cuptor,"Taiem puiul fasii groase (ca sa nu se usuce). Il amestecam cu restul ingredientelor si il lasam la marinat peste noapte (sau minim 2 ore). Il punem in cuptorul preincalzit la 180C timp de 20-30 min, intorcandu-l la jumatatea timpului.",Caiet personal,usturoi,3,g
Piept de pui la cuptor,"Taiem puiul fasii groase (ca sa nu se usuce). Il amestecam cu restul ingredientelor si il lasam la marinat peste noapte (sau minim 2 ore). Il punem in cuptorul preincalzit la 180C timp de 20-30 min, intorcandu-l la jumatatea timpului.",Caiet personal,busuioc,1,g
Dovlecei la cuptor (garnitura),"Taiem dovlecelul rondele. Il amestecam cu sare si putin ulei de masline. Coacem 10-15 min la 180C, intorcand la jumatatea timpului.",Caiet personal,dovlecel,200,g
Dovlecei la cuptor (garnitura),"Taiem dovlecelul rondele. Il amestecam cu sare si putin ulei de masline. Coacem 10-15 min la 180C, intorcand la jumatatea timpului.",Caiet personal,sare,2,g
Dovlecei la cuptor (garnitura),"Taiem dovlecelul rondele. Il amestecam cu sare si putin ulei de masline. Coacem 10-15 min la 180C, intorcand la jumatatea timpului.",Caiet personal,ulei de masline,10,ml
Burrito cu vita,"Punem carnea de vita si legumele in tigaie. Adaugam apa cat sa acopere si pasta de tomate. Punem capac si lasam pana se evapora apa. La final adaugam fasolea si porumbul. Punem jumatate din amestec in lipie, cu smantana si cascaval, strangem sub forma de burrito si rumenim in tigaie.",Caiet personal,mozzarella/cascaval,50,g
Burrito cu vita,"Punem carnea de vita si legumele in tigaie. Adaugam apa cat sa acopere si pasta de tomate. Punem capac si lasam pana se evapora apa. La final adaugam fasolea si porumbul. Punem jumatate din amestec in lipie, cu smantana si cascaval, strangem sub forma de burrito si rumenim in tigaie.",Caiet personal,carne vita tocata,100,g
Burrito cu vita,"Punem carnea de vita si legumele in tigaie. Adaugam apa cat sa acopere si pasta de tomate. Punem capac si lasam pana se evapora apa. La final adaugam fasolea si porumbul. Punem jumatate din amestec in lipie, cu smantana si cascaval, strangem sub forma de burrito si rumenim in tigaie.",Caiet personal,lipie,120,g
Burrito cu vita,"Punem carnea de vita si legumele in tigaie. Adaugam apa cat sa acopere si pasta de tomate. Punem capac si lasam pana se evapora apa. La final adaugam fasolea si porumbul. Punem jumatate din amestec in lipie, cu smantana si cascaval, strangem sub forma de burrito si rumenim in tigaie.",Caiet personal,ardei rosu,120,g
Burrito cu vita,"Punem carnea de vita si legumele in tigaie. Adaugam apa cat sa acopere si pasta de tomate. Punem capac si lasam pana se evapora apa. La final adaugam fasolea si porumbul. Punem jumatate din amestec in lipie, cu smantana si cascaval, strangem sub forma de burrito si rumenim in tigaie.",Caiet personal,ceapa,100,g
Burrito cu vita,"Punem carnea de vita si legumele in tigaie. Adaugam apa cat sa acopere si pasta de tomate. Punem capac si lasam pana se evapora apa. La final adaugam fasolea si porumbul. Punem jumatate din amestec in lipie, cu smantana si cascaval, strangem sub forma de burrito si rumenim in tigaie.",Caiet personal,usturoi,10,g
Burrito cu vita,"Punem carnea de vita si legumele in tigaie. Adaugam apa cat sa acopere si pasta de tomate. Punem capac si lasam pana se evapora apa. La final adaugam fasolea si porumbul. Punem jumatate din amestec in lipie, cu smantana si cascaval, strangem sub forma de burrito si rumenim in tigaie.",Caiet personal,sare,2,g
Burrito cu vita,"Punem carnea de vita si legumele in tigaie. Adaugam apa cat sa acopere si pasta de tomate. Punem capac si lasam pana se evapora apa. La final adaugam fasolea si porumbul. Punem jumatate din amestec in lipie, cu smantana si cascaval, strangem sub forma de burrito si rumenim in tigaie.",Caiet personal,piper,1,g
Burrito cu vita,"Punem carnea de vita si legumele in tigaie. Adaugam apa cat sa acopere si pasta de tomate. Punem capac si lasam pana se evapora apa. La final adaugam fasolea si porumbul. Punem jumatate din amestec in lipie, cu smantana si cascaval, strangem sub forma de burrito si rumenim in tigaie.",Caiet personal,boia,1,g
Burrito cu vita,"Punem carnea de vita si legumele in tigaie. Adaugam apa cat sa acopere si pasta de tomate. Punem capac si lasam pana se evapora apa. La final adaugam fasolea si porumbul. Punem jumatate din amestec in lipie, cu smantana si cascaval, strangem sub forma de burrito si rumenim in tigaie.",Caiet personal,usturoi granulat,1,g
Burrito cu vita,"Punem carnea de vita si legumele in tigaie. Adaugam apa cat sa acopere si pasta de tomate. Punem capac si lasam pana se evapora apa. La final adaugam fasolea si porumbul. Punem jumatate din amestec in lipie, cu smantana si cascaval, strangem sub forma de burrito si rumenim in tigaie.",Caiet personal,ceapa praf,1,g
Burrito cu vita,"Punem carnea de vita si legumele in tigaie. Adaugam apa cat sa acopere si pasta de tomate. Punem capac si lasam pana se evapora apa. La final adaugam fasolea si porumbul. Punem jumatate din amestec in lipie, cu smantana si cascaval, strangem sub forma de burrito si rumenim in tigaie.",Caiet personal,busuioc,1,g
Burrito cu vita,"Punem carnea de vita si legumele in tigaie. Adaugam apa cat sa acopere si pasta de tomate. Punem capac si lasam pana se evapora apa. La final adaugam fasolea si porumbul. Punem jumatate din amestec in lipie, cu smantana si cascaval, strangem sub forma de burrito si rumenim in tigaie.",Caiet personal,smantana,30,g
Burrito cu vita,"Punem carnea de vita si legumele in tigaie. Adaugam apa cat sa acopere si pasta de tomate. Punem capac si lasam pana se evapora apa. La final adaugam fasolea si porumbul. Punem jumatate din amestec in lipie, cu smantana si cascaval, strangem sub forma de burrito si rumenim in tigaie.",Caiet personal,pasta de tomate,10,g
Burrito cu vita,"Punem carnea de vita si legumele in tigaie. Adaugam apa cat sa acopere si pasta de tomate. Punem capac si lasam pana se evapora apa. La final adaugam fasolea si porumbul. Punem jumatate din amestec in lipie, cu smantana si cascaval, strangem sub forma de burrito si rumenim in tigaie.",Caiet personal,fasole,50,g
Burrito cu vita,"Punem carnea de vita si legumele in tigaie. Adaugam apa cat sa acopere si pasta de tomate. Punem capac si lasam pana se evapora apa. La final adaugam fasolea si porumbul. Punem jumatate din amestec in lipie, cu smantana si cascaval, strangem sub forma de burrito si rumenim in tigaie.",Caiet personal,porumb,50,g
Noodles cu pui,"Punem noodles-ii in apa fiarta pana sunt gata, apoi scoatem apa. Taiem fasii ardeiul, morcovul si ceapa alba; ceapa verde o taiem cubulete. Taiem puiul cubulete mici. Calim legumele in putin ulei de masline, apoi adaugam puiul si condimentele. Amestecam si lasam ~10 min. In noodles adaugam sosul de soia si usturoiul, amestecam, apoi combinam cu restul.",Caiet personal,sos de soia,20,ml
Noodles cu pui,"Punem noodles-ii in apa fiarta pana sunt gata, apoi scoatem apa. Taiem fasii ardeiul, morcovul si ceapa alba; ceapa verde o taiem cubulete. Taiem puiul cubulete mici. Calim legumele in putin ulei de masline, apoi adaugam puiul si condimentele. Amestecam si lasam ~10 min. In noodles adaugam sosul de soia si usturoiul, amestecam, apoi combinam cu restul.",Caiet personal,piept de pui,100,g
Noodles cu pui,"Punem noodles-ii in apa fiarta pana sunt gata, apoi scoatem apa. Taiem fasii ardeiul, morcovul si ceapa alba; ceapa verde o taiem cubulete. Taiem puiul cubulete mici. Calim legumele in putin ulei de masline, apoi adaugam puiul si condimentele. Amestecam si lasam ~10 min. In noodles adaugam sosul de soia si usturoiul, amestecam, apoi combinam cu restul.",Caiet personal,noodles,100,g
Noodles cu pui,"Punem noodles-ii in apa fiarta pana sunt gata, apoi scoatem apa. Taiem fasii ardeiul, morcovul si ceapa alba; ceapa verde o taiem cubulete. Taiem puiul cubulete mici. Calim legumele in putin ulei de masline, apoi adaugam puiul si condimentele. Amestecam si lasam ~10 min. In noodles adaugam sosul de soia si usturoiul, amestecam, apoi combinam cu restul.",Caiet personal,ceapa verde,15,g
Noodles cu pui,"Punem noodles-ii in apa fiarta pana sunt gata, apoi scoatem apa. Taiem fasii ardeiul, morcovul si ceapa alba; ceapa verde o taiem cubulete. Taiem puiul cubulete mici. Calim legumele in putin ulei de masline, apoi adaugam puiul si condimentele. Amestecam si lasam ~10 min. In noodles adaugam sosul de soia si usturoiul, amestecam, apoi combinam cu restul.",Caiet personal,sare,2,g
Noodles cu pui,"Punem noodles-ii in apa fiarta pana sunt gata, apoi scoatem apa. Taiem fasii ardeiul, morcovul si ceapa alba; ceapa verde o taiem cubulete. Taiem puiul cubulete mici. Calim legumele in putin ulei de masline, apoi adaugam puiul si condimentele. Amestecam si lasam ~10 min. In noodles adaugam sosul de soia si usturoiul, amestecam, apoi combinam cu restul.",Caiet personal,piper,1,g
Noodles cu pui,"Punem noodles-ii in apa fiarta pana sunt gata, apoi scoatem apa. Taiem fasii ardeiul, morcovul si ceapa alba; ceapa verde o taiem cubulete. Taiem puiul cubulete mici. Calim legumele in putin ulei de masline, apoi adaugam puiul si condimentele. Amestecam si lasam ~10 min. In noodles adaugam sosul de soia si usturoiul, amestecam, apoi combinam cu restul.",Caiet personal,usturoi,10,g
Noodles cu pui,"Punem noodles-ii in apa fiarta pana sunt gata, apoi scoatem apa. Taiem fasii ardeiul, morcovul si ceapa alba; ceapa verde o taiem cubulete. Taiem puiul cubulete mici. Calim legumele in putin ulei de masline, apoi adaugam puiul si condimentele. Amestecam si lasam ~10 min. In noodles adaugam sosul de soia si usturoiul, amestecam, apoi combinam cu restul.",Caiet personal,morcov,50,g
Noodles cu pui,"Punem noodles-ii in apa fiarta pana sunt gata, apoi scoatem apa. Taiem fasii ardeiul, morcovul si ceapa alba; ceapa verde o taiem cubulete. Taiem puiul cubulete mici. Calim legumele in putin ulei de masline, apoi adaugam puiul si condimentele. Amestecam si lasam ~10 min. In noodles adaugam sosul de soia si usturoiul, amestecam, apoi combinam cu restul.",Caiet personal,ardei rosu,60,g
Noodles cu pui,"Punem noodles-ii in apa fiarta pana sunt gata, apoi scoatem apa. Taiem fasii ardeiul, morcovul si ceapa alba; ceapa verde o taiem cubulete. Taiem puiul cubulete mici. Calim legumele in putin ulei de masline, apoi adaugam puiul si condimentele. Amestecam si lasam ~10 min. In noodles adaugam sosul de soia si usturoiul, amestecam, apoi combinam cu restul.",Caiet personal,ceapa,50,g
Cartofi la cuptor,"Taiem cartofii fasii sau cuburi. Ii punem la fiert pana se inmoaie putin (nu prea mult!). Ii amestecam cu condimentele si uleiul. Ii punem in cuptorul preincalzit la 180C, 20-30 min sau pana sunt gata (se verifica), amestecand o data la 10 min. Optional: parmezan deasupra la final.",Caiet personal,cartofi,400,g
Cartofi la cuptor,"Taiem cartofii fasii sau cuburi. Ii punem la fiert pana se inmoaie putin (nu prea mult!). Ii amestecam cu condimentele si uleiul. Ii punem in cuptorul preincalzit la 180C, 20-30 min sau pana sunt gata (se verifica), amestecand o data la 10 min. Optional: parmezan deasupra la final.",Caiet personal,sare,2,g
Cartofi la cuptor,"Taiem cartofii fasii sau cuburi. Ii punem la fiert pana se inmoaie putin (nu prea mult!). Ii amestecam cu condimentele si uleiul. Ii punem in cuptorul preincalzit la 180C, 20-30 min sau pana sunt gata (se verifica), amestecand o data la 10 min. Optional: parmezan deasupra la final.",Caiet personal,piper,1,g
Cartofi la cuptor,"Taiem cartofii fasii sau cuburi. Ii punem la fiert pana se inmoaie putin (nu prea mult!). Ii amestecam cu condimentele si uleiul. Ii punem in cuptorul preincalzit la 180C, 20-30 min sau pana sunt gata (se verifica), amestecand o data la 10 min. Optional: parmezan deasupra la final.",Caiet personal,boia,2,g
Cartofi la cuptor,"Taiem cartofii fasii sau cuburi. Ii punem la fiert pana se inmoaie putin (nu prea mult!). Ii amestecam cu condimentele si uleiul. Ii punem in cuptorul preincalzit la 180C, 20-30 min sau pana sunt gata (se verifica), amestecand o data la 10 min. Optional: parmezan deasupra la final.",Caiet personal,busuioc,1,g
Cartofi la cuptor,"Taiem cartofii fasii sau cuburi. Ii punem la fiert pana se inmoaie putin (nu prea mult!). Ii amestecam cu condimentele si uleiul. Ii punem in cuptorul preincalzit la 180C, 20-30 min sau pana sunt gata (se verifica), amestecand o data la 10 min. Optional: parmezan deasupra la final.",Caiet personal,rozmarin,1,g
Cartofi la cuptor,"Taiem cartofii fasii sau cuburi. Ii punem la fiert pana se inmoaie putin (nu prea mult!). Ii amestecam cu condimentele si uleiul. Ii punem in cuptorul preincalzit la 180C, 20-30 min sau pana sunt gata (se verifica), amestecand o data la 10 min. Optional: parmezan deasupra la final.",Caiet personal,usturoi,5,g
Cartofi la cuptor,"Taiem cartofii fasii sau cuburi. Ii punem la fiert pana se inmoaie putin (nu prea mult!). Ii amestecam cu condimentele si uleiul. Ii punem in cuptorul preincalzit la 180C, 20-30 min sau pana sunt gata (se verifica), amestecand o data la 10 min. Optional: parmezan deasupra la final.",Caiet personal,ceapa,2,g
Cartofi la cuptor,"Taiem cartofii fasii sau cuburi. Ii punem la fiert pana se inmoaie putin (nu prea mult!). Ii amestecam cu condimentele si uleiul. Ii punem in cuptorul preincalzit la 180C, 20-30 min sau pana sunt gata (se verifica), amestecand o data la 10 min. Optional: parmezan deasupra la final.",Caiet personal,ulei de masline,45,ml
Aripioare cu BBQ,"Taiem aripioarele astfel incat sa ramanem cu cele 2 parti bune, eliminand varful. Le lasam la marinat peste noapte (sau minim 2 ore) cu toate ingredientele de mai sus. Le punem in cuptorul preincalzit la 180C, 25-30 min, intorcandu-le la jumatatea timpului. Presaram ceapa verde deasupra cand sunt gata.",Caiet personal,aripioare de pui,700,g
Aripioare cu BBQ,"Taiem aripioarele astfel incat sa ramanem cu cele 2 parti bune, eliminand varful. Le lasam la marinat peste noapte (sau minim 2 ore) cu toate ingredientele de mai sus. Le punem in cuptorul preincalzit la 180C, 25-30 min, intorcandu-le la jumatatea timpului. Presaram ceapa verde deasupra cand sunt gata.",Caiet personal,pasta de tomate,10,g
Aripioare cu BBQ,"Taiem aripioarele astfel incat sa ramanem cu cele 2 parti bune, eliminand varful. Le lasam la marinat peste noapte (sau minim 2 ore) cu toate ingredientele de mai sus. Le punem in cuptorul preincalzit la 180C, 25-30 min, intorcandu-le la jumatatea timpului. Presaram ceapa verde deasupra cand sunt gata.",Caiet personal,miere,5,g
Aripioare cu BBQ,"Taiem aripioarele astfel incat sa ramanem cu cele 2 parti bune, eliminand varful. Le lasam la marinat peste noapte (sau minim 2 ore) cu toate ingredientele de mai sus. Le punem in cuptorul preincalzit la 180C, 25-30 min, intorcandu-le la jumatatea timpului. Presaram ceapa verde deasupra cand sunt gata.",Caiet personal,sos bbq,30,g
Aripioare cu BBQ,"Taiem aripioarele astfel incat sa ramanem cu cele 2 parti bune, eliminand varful. Le lasam la marinat peste noapte (sau minim 2 ore) cu toate ingredientele de mai sus. Le punem in cuptorul preincalzit la 180C, 25-30 min, intorcandu-le la jumatatea timpului. Presaram ceapa verde deasupra cand sunt gata.",Caiet personal,sos de soia,75,ml
Aripioare cu BBQ,"Taiem aripioarele astfel incat sa ramanem cu cele 2 parti bune, eliminand varful. Le lasam la marinat peste noapte (sau minim 2 ore) cu toate ingredientele de mai sus. Le punem in cuptorul preincalzit la 180C, 25-30 min, intorcandu-le la jumatatea timpului. Presaram ceapa verde deasupra cand sunt gata.",Caiet personal,sare,2,g
Aripioare cu BBQ,"Taiem aripioarele astfel incat sa ramanem cu cele 2 parti bune, eliminand varful. Le lasam la marinat peste noapte (sau minim 2 ore) cu toate ingredientele de mai sus. Le punem in cuptorul preincalzit la 180C, 25-30 min, intorcandu-le la jumatatea timpului. Presaram ceapa verde deasupra cand sunt gata.",Caiet personal,piper,1,g
Aripioare cu BBQ,"Taiem aripioarele astfel incat sa ramanem cu cele 2 parti bune, eliminand varful. Le lasam la marinat peste noapte (sau minim 2 ore) cu toate ingredientele de mai sus. Le punem in cuptorul preincalzit la 180C, 25-30 min, intorcandu-le la jumatatea timpului. Presaram ceapa verde deasupra cand sunt gata.",Caiet personal,usturoi granulat,2,g
Aripioare cu BBQ,"Taiem aripioarele astfel incat sa ramanem cu cele 2 parti bune, eliminand varful. Le lasam la marinat peste noapte (sau minim 2 ore) cu toate ingredientele de mai sus. Le punem in cuptorul preincalzit la 180C, 25-30 min, intorcandu-le la jumatatea timpului. Presaram ceapa verde deasupra cand sunt gata.",Caiet personal,ceapa,2,g
Aripioare cu BBQ,"Taiem aripioarele astfel incat sa ramanem cu cele 2 parti bune, eliminand varful. Le lasam la marinat peste noapte (sau minim 2 ore) cu toate ingredientele de mai sus. Le punem in cuptorul preincalzit la 180C, 25-30 min, intorcandu-le la jumatatea timpului. Presaram ceapa verde deasupra cand sunt gata.",Caiet personal,boia dulce,2,g
Aripioare cu BBQ,"Taiem aripioarele astfel incat sa ramanem cu cele 2 parti bune, eliminand varful. Le lasam la marinat peste noapte (sau minim 2 ore) cu toate ingredientele de mai sus. Le punem in cuptorul preincalzit la 180C, 25-30 min, intorcandu-le la jumatatea timpului. Presaram ceapa verde deasupra cand sunt gata.",Caiet personal,ceapa verde,15,g
Paste cu branza si altele,"Punem pastele la fiert in apa cu sare, ~10 min (verificam daca sunt gata). Taiem usturoiul si ceapa si le calim putin in ulei de masline. Adaugam smantana si o lasam 30 secunde, apoi branzeturile si condimentele. Amestecam continuu, ca sa nu se lipeasca, pana se topeste totul. Turnam sosul peste paste si amestecam.",Caiet personal,busuioc,2,g
Paste cu branza si altele,"Punem pastele la fiert in apa cu sare, ~10 min (verificam daca sunt gata). Taiem usturoiul si ceapa si le calim putin in ulei de masline. Adaugam smantana si o lasam 30 secunde, apoi branzeturile si condimentele. Amestecam continuu, ca sa nu se lipeasca, pana se topeste totul. Turnam sosul peste paste si amestecam.",Caiet personal,paste,100,g
Paste cu branza si altele,"Punem pastele la fiert in apa cu sare, ~10 min (verificam daca sunt gata). Taiem usturoiul si ceapa si le calim putin in ulei de masline. Adaugam smantana si o lasam 30 secunde, apoi branzeturile si condimentele. Amestecam continuu, ca sa nu se lipeasca, pana se topeste totul. Turnam sosul peste paste si amestecam.",Caiet personal,ceapa,50,g
Paste cu branza si altele,"Punem pastele la fiert in apa cu sare, ~10 min (verificam daca sunt gata). Taiem usturoiul si ceapa si le calim putin in ulei de masline. Adaugam smantana si o lasam 30 secunde, apoi branzeturile si condimentele. Amestecam continuu, ca sa nu se lipeasca, pana se topeste totul. Turnam sosul peste paste si amestecam.",Caiet personal,pasta de tomate,10,g
Paste cu branza si altele,"Punem pastele la fiert in apa cu sare, ~10 min (verificam daca sunt gata). Taiem usturoiul si ceapa si le calim putin in ulei de masline. Adaugam smantana si o lasam 30 secunde, apoi branzeturile si condimentele. Amestecam continuu, ca sa nu se lipeasca, pana se topeste totul. Turnam sosul peste paste si amestecam.",Caiet personal,sare,2,g
Paste cu branza si altele,"Punem pastele la fiert in apa cu sare, ~10 min (verificam daca sunt gata). Taiem usturoiul si ceapa si le calim putin in ulei de masline. Adaugam smantana si o lasam 30 secunde, apoi branzeturile si condimentele. Amestecam continuu, ca sa nu se lipeasca, pana se topeste totul. Turnam sosul peste paste si amestecam.",Caiet personal,piper,1,g
Paste cu branza si altele,"Punem pastele la fiert in apa cu sare, ~10 min (verificam daca sunt gata). Taiem usturoiul si ceapa si le calim putin in ulei de masline. Adaugam smantana si o lasam 30 secunde, apoi branzeturile si condimentele. Amestecam continuu, ca sa nu se lipeasca, pana se topeste totul. Turnam sosul peste paste si amestecam.",Caiet personal,usturoi,5,g
Paste cu branza si altele,"Punem pastele la fiert in apa cu sare, ~10 min (verificam daca sunt gata). Taiem usturoiul si ceapa si le calim putin in ulei de masline. Adaugam smantana si o lasam 30 secunde, apoi branzeturile si condimentele. Amestecam continuu, ca sa nu se lipeasca, pana se topeste totul. Turnam sosul peste paste si amestecam.",Caiet personal,boia,1,g
Paste cu branza si altele,"Punem pastele la fiert in apa cu sare, ~10 min (verificam daca sunt gata). Taiem usturoiul si ceapa si le calim putin in ulei de masline. Adaugam smantana si o lasam 30 secunde, apoi branzeturile si condimentele. Amestecam continuu, ca sa nu se lipeasca, pana se topeste totul. Turnam sosul peste paste si amestecam.",Caiet personal,cascaval,30,g
Paste cu branza si altele,"Punem pastele la fiert in apa cu sare, ~10 min (verificam daca sunt gata). Taiem usturoiul si ceapa si le calim putin in ulei de masline. Adaugam smantana si o lasam 30 secunde, apoi branzeturile si condimentele. Amestecam continuu, ca sa nu se lipeasca, pana se topeste totul. Turnam sosul peste paste si amestecam.",Caiet personal,branza,30,g
Paste cu branza si altele,"Punem pastele la fiert in apa cu sare, ~10 min (verificam daca sunt gata). Taiem usturoiul si ceapa si le calim putin in ulei de masline. Adaugam smantana si o lasam 30 secunde, apoi branzeturile si condimentele. Amestecam continuu, ca sa nu se lipeasca, pana se topeste totul. Turnam sosul peste paste si amestecam.",Caiet personal,parmezan,20,g
Paste cu branza si altele,"Punem pastele la fiert in apa cu sare, ~10 min (verificam daca sunt gata). Taiem usturoiul si ceapa si le calim putin in ulei de masline. Adaugam smantana si o lasam 30 secunde, apoi branzeturile si condimentele. Amestecam continuu, ca sa nu se lipeasca, pana se topeste totul. Turnam sosul peste paste si amestecam.",Caiet personal,smantana de gatit,80,ml
Salata cu pui,"Puiul il gatim dupa reteta 'Piept de pui la cuptor'. Taiem ceapa, salata si rosia. Intr-un bol mic amestecam iaurtul, mierea si mustarul pentru a forma un sos. Punem toate ingredientele intr-un bol si amestecam. Branza o radem sau o taiem cubulete.",Caiet personal,piept de pui,100,g
Salata cu pui,"Puiul il gatim dupa reteta 'Piept de pui la cuptor'. Taiem ceapa, salata si rosia. Intr-un bol mic amestecam iaurtul, mierea si mustarul pentru a forma un sos. Punem toate ingredientele intr-un bol si amestecam. Branza o radem sau o taiem cubulete.",Caiet personal,salata verde,100,g
Salata cu pui,"Puiul il gatim dupa reteta 'Piept de pui la cuptor'. Taiem ceapa, salata si rosia. Intr-un bol mic amestecam iaurtul, mierea si mustarul pentru a forma un sos. Punem toate ingredientele intr-un bol si amestecam. Branza o radem sau o taiem cubulete.",Caiet personal,ceapa,100,g
Salata cu pui,"Puiul il gatim dupa reteta 'Piept de pui la cuptor'. Taiem ceapa, salata si rosia. Intr-un bol mic amestecam iaurtul, mierea si mustarul pentru a forma un sos. Punem toate ingredientele intr-un bol si amestecam. Branza o radem sau o taiem cubulete.",Caiet personal,porumb,50,g
Salata cu pui,"Puiul il gatim dupa reteta 'Piept de pui la cuptor'. Taiem ceapa, salata si rosia. Intr-un bol mic amestecam iaurtul, mierea si mustarul pentru a forma un sos. Punem toate ingredientele intr-un bol si amestecam. Branza o radem sau o taiem cubulete.",Caiet personal,miere,5,g
Salata cu pui,"Puiul il gatim dupa reteta 'Piept de pui la cuptor'. Taiem ceapa, salata si rosia. Intr-un bol mic amestecam iaurtul, mierea si mustarul pentru a forma un sos. Punem toate ingredientele intr-un bol si amestecam. Branza o radem sau o taiem cubulete.",Caiet personal,mustar,5,g
Salata cu pui,"Puiul il gatim dupa reteta 'Piept de pui la cuptor'. Taiem ceapa, salata si rosia. Intr-un bol mic amestecam iaurtul, mierea si mustarul pentru a forma un sos. Punem toate ingredientele intr-un bol si amestecam. Branza o radem sau o taiem cubulete.",Caiet personal,iaurt,5,g
Salata cu pui,"Puiul il gatim dupa reteta 'Piept de pui la cuptor'. Taiem ceapa, salata si rosia. Intr-un bol mic amestecam iaurtul, mierea si mustarul pentru a forma un sos. Punem toate ingredientele intr-un bol si amestecam. Branza o radem sau o taiem cubulete.",Caiet personal,sare,2,g
Salata cu pui,"Puiul il gatim dupa reteta 'Piept de pui la cuptor'. Taiem ceapa, salata si rosia. Intr-un bol mic amestecam iaurtul, mierea si mustarul pentru a forma un sos. Punem toate ingredientele intr-un bol si amestecam. Branza o radem sau o taiem cubulete.",Caiet personal,piper,1,g
Salata cu pui,"Puiul il gatim dupa reteta 'Piept de pui la cuptor'. Taiem ceapa, salata si rosia. Intr-un bol mic amestecam iaurtul, mierea si mustarul pentru a forma un sos. Punem toate ingredientele intr-un bol si amestecam. Branza o radem sau o taiem cubulete.",Caiet personal,rosie,120,g
Salata cu pui,"Puiul il gatim dupa reteta 'Piept de pui la cuptor'. Taiem ceapa, salata si rosia. Intr-un bol mic amestecam iaurtul, mierea si mustarul pentru a forma un sos. Punem toate ingredientele intr-un bol si amestecam. Branza o radem sau o taiem cubulete.",Caiet personal,branza,30,g